date,polarity,subjectivity,filtered_polarity,filtered_subjectivity,open,close,high,low,change,volume,market_cap
2018-05-01,0.011904761904761906,0.20238095238095238,0,1,9251.47,9119.01,9255.88,8891.05,-1.43,7713019904,155114132125
2018-05-02,0.030484848484848493,0.42769696969696963,0,1,9104.6,9235.92,9256.52,9015.14,1.44,7558159872,157119854754
2018-05-03,-0.04320987654320988,0.1367283950617284,0,0,9233.97,9743.86,9798.33,9188.15,5.52,10207299584,165778380092
2018-05-04,-0.013888888888888888,0.05753968253968253,0,0,9695.5,9700.76,9779.2,9585.96,0.05,8217829888,165062796742
2018-05-05,0.075,0.18333333333333335,0,0,9700.28,9858.15,9964.5,9695.12,1.63,7651939840,167759953654
2018-05-06,-0.0050000000000000044,0.35250000000000004,0,1,9845.31,9654.8,9940.14,9465.25,-1.94,7222280192,164316605278
2018-05-07,-0.038636363636363635,0.39343434343434347,0,1,9645.67,9373.01,9665.85,9231.53,-2.83,7394019840,159538115686
2018-05-08,0.059740259740259746,0.07532467532467534,0,0,9380.87,9234.82,9462.75,9127.77,-1.56,7415869952,157202142973
2018-05-09,-0.0421780303030303,0.21113275613275614,0,1,9223.73,9325.18,9374.76,9031.62,1.1,7226890240,158758858205
2018-05-10,0.09375,0.14375,0,0,9325.96,9043.94,9396.04,9040.52,-3.02,6906699776,153988453198
2018-05-11,0.09015151515151515,0.21994949494949498,0,1,9052.96,8441.49,9052.96,8394.46,-6.75,8488520192,143743802092
2018-05-12,0.0,0.0625,0,0,8441.44,8504.89,8664.86,8223.5,0.75,6821380096,144841040789
2018-05-13,0.0,0.0,0,0,8515.49,8723.94,8773.55,8395.12,2.45,5866379776,148587777457
2018-05-14,0.07142857142857142,0.13452380952380955,0,0,8713.1,8716.79,8881.12,8367.97,0.04,7364149760,148480275422
2018-05-15,0.010521885521885519,0.16624579124579122,0,0,8705.19,8510.38,8836.19,8456.45,-2.24,6705710080,144979744412
2018-05-16,0.07571022727272728,0.2190340909090909,0,1,8504.41,8368.83,8508.43,8175.49,-1.59,6760220160,142587497878
2018-05-17,0.01976381461675579,0.26555258467023174,0,1,8370.05,8094.32,8445.54,8054.12,-3.29,5862530048,137923772714
2018-05-18,0.16727272727272727,0.2909090909090909,0,1,8091.83,8250.97,8274.12,7974.82,1.97,5764190208,140607667610
2018-05-19,-0.02500000000000001,0.25,0,1,8255.73,8247.18,8372.06,8183.35,-0.1,4712399872,140559162894
2018-05-20,-0.020995670995670995,0.33041125541125543,0,1,8246.99,8513.25,8562.41,8205.24,3.23,5191059968,145109512565
2018-05-21,-0.09090909090909091,0.36363636363636365,0,1,8522.33,8418.99,8557.52,8365.12,-1.21,5154990080,143518943480
2018-05-22,0.08116883116883115,0.27532467532467536,0,1,8419.87,8041.78,8423.25,8004.58,-4.49,5137010176,137104106176
2018-05-23,0.08818181818181817,0.2790675990675991,0,1,8037.08,7557.82,8054.66,7507.88,-5.96,6491120128,128868479514
2018-05-24,0.05833333333333333,0.21666666666666667,0,1,7561.12,7587.34,7738.6,7331.14,0.35,6049220096,129385391552
2018-05-25,0.10668590668590668,0.24918229918229917,0,1,7592.3,7480.14,7659.14,7392.65,-1.48,4867829760,127573690458
2018-05-26,0.04583333333333333,0.24166666666666667,0,1,7486.48,7355.88,7595.16,7349.12,-1.74,4051539968,125469061263
2018-05-27,0.1424242424242424,0.546969696969697,0,1,7362.08,7368.22,7381.74,7270.96,0.08,4056519936,125695017596
2018-05-28,0.0,0.0375,0,0,7371.31,7135.99,7419.05,7100.89,-3.19,5040600064,121747389422
2018-05-29,-0.027777777777777776,0.1111111111111111,0,0,7129.46,7472.59,7526.42,7090.68,4.81,5662660096,127502651064
2018-05-30,0.1615530303030303,0.4017045454545455,0,1,7469.73,7406.52,7573.77,7313.6,-0.85,4922540032,126391893474
2018-05-31,0.05719696969696969,0.14204545454545456,0,0,7406.15,7494.17,7608.9,7361.13,1.19,5127130112,127902999390
2018-06-01,0.13250473484848485,0.28768939393939397,0,1,7500.7,7541.45,7604.73,7407.34,0.54,4921460224,128725854692
2018-06-02,0.3,0.1,1,0,7536.72,7643.45,7695.83,7497.26,1.42,4939299840,130481526036
2018-06-03,0.03333333333333333,0.20666666666666664,0,1,7632.09,7720.25,7754.89,7613.04,1.16,4851760128,131808021256
2018-06-04,0.024242424242424246,0.3974747474747475,0,1,7722.53,7514.47,7753.82,7474.04,-2.69,4993169920,128312205314
2018-06-05,0.07388888888888888,0.1627777777777778,0,0,7500.9,7633.76,7643.23,7397.0,1.77,4961739776,130365918088
2018-06-06,0.027095959595959583,0.25661616161616163,0,1,7625.97,7653.98,7680.43,7502.01,0.37,4692259840,130725095161
2018-06-07,0.048124999999999994,0.29666666666666675,0,1,7650.82,7678.24,7741.27,7650.82,0.36,4485799936,131153169176
2018-06-08,0.012121212121212128,0.2277056277056277,0,1,7685.14,7624.92,7698.19,7558.4,-0.78,4227579904,130256218613
2018-06-09,0.05,0.16666666666666666,0,0,7632.52,7531.98,7683.58,7531.98,-1.32,3845220096,128682085689
2018-06-10,0.0625,0.22916666666666666,0,1,7499.55,6786.02,7499.55,6709.07,-9.51,5804839936,115948312827
2018-06-11,-0.039814814814814824,0.1787037037037037,0,0,6799.29,6906.92,6910.18,6706.63,1.58,4745269760,118025877189
2018-06-12,0.04739057239057239,0.22895622895622894,0,1,6905.82,6582.36,6907.96,6542.08,-4.68,4654380032,112491874164
2018-06-13,0.032638888888888884,0.2611111111111111,0,1,6596.88,6349.9,6631.66,6285.63,-3.74,5052349952,108530585830
2018-06-14,-0.027462121212121215,0.2635984848484848,0,1,6342.75,6675.35,6707.14,6334.46,5.24,5138710016,114106009748
2018-06-15,0.016942148760330577,0.16325757575757574,0,0,6674.08,6456.58,6681.08,6433.87,-3.26,3955389952,110378702283
2018-06-16,0.10555555555555556,0.35694444444444445,0,1,6455.45,6550.16,6592.49,6402.29,1.47,3194170112,111992015616
2018-06-17,0.22301587301587303,0.3829365079365079,1,1,6545.53,6499.27,6589.11,6499.27,-0.71,3104019968,111134754810
2018-06-18,-0.008428030303030304,0.23787878787878788,0,1,6510.07,6734.82,6781.14,6446.68,3.45,4039200000,115176197712
2018-06-19,-0.045454545454545456,0.2803030303030303,0,1,6742.39,6769.94,6822.5,6709.92,0.41,4057029888,115789919278
2018-06-20,0.0058333333333333345,0.11000000000000001,0,0,6770.76,6776.55,6821.56,6611.88,0.09,3888640000,115916357344
2018-06-21,0.11704545454545455,0.21931818181818183,0,1,6780.09,6729.74,6810.94,6715.17,-0.74,3529129984,115129700024
2018-06-22,-0.019444444444444445,0.3501736111111111,0,1,6737.88,6083.69,6747.08,6006.6,-9.71,5079810048,104088814967
2018-06-23,0.08116883116883115,0.1538961038961039,0,0,6090.1,6162.48,6224.82,6071.81,1.19,3431360000,105449276520
2018-06-24,0.22000000000000003,0.45999999999999996,1,1,6164.28,6173.23,6223.78,5826.41,0.15,4566909952,105646571668
2018-06-25,0.1125,0.3527777777777778,0,1,6171.97,6249.18,6327.37,6119.68,1.25,5500810240,106958465208
2018-06-26,0.06033057851239669,0.24958677685950414,0,1,6253.55,6093.67,6290.16,6093.67,-2.56,3279759872,104307939200
2018-06-27,0.10972222222222223,0.2841666666666667,0,1,6084.4,6157.13,6180.0,6052.85,1.2,3296219904,105403600614
2018-06-28,0.015416666666666667,0.27277777777777773,0,1,6153.16,5903.44,6170.41,5873.05,-4.06,3467800064,101072353482
2018-06-29,-0.0024475524475524473,0.11674991674991676,0,0,5898.13,6218.3,6261.66,5835.75,5.43,3966230016,106474707240
2018-06-30,0.19166666666666665,0.4305555555555556,0,1,6214.22,6404.0,6465.51,6214.22,3.05,4543860224,109665618200
2018-07-01,0.08472222222222224,0.2611111111111111,0,1,6411.68,6385.82,6432.85,6289.29,-0.4,4788259840,109366024632
2018-07-02,-0.006818181818181821,0.21818181818181817,0,1,6380.38,6614.18,6683.86,6305.7,3.66,4396930048,113288832522
2018-07-03,0.11969696969696969,0.1962121212121212,0,0,6596.66,6529.59,6671.37,6447.75,-1.02,4672309760,111849428104
2018-07-04,0.049999999999999996,0.36428571428571427,0,1,6550.87,6597.55,6771.92,6450.46,0.71,4176689920,113024522547
2018-07-05,-0.1547619047619048,0.3071428571428571,0,1,6599.71,6639.14,6749.54,6546.65,0.6,4999240192,113748385620
2018-07-06,0.015800865800865798,0.18024891774891774,0,0,6638.69,6673.5,6700.94,6533.55,0.52,4313959936,114350502582
2018-07-07,-0.08125,0.2333333333333333,0,1,6668.71,6856.93,6863.99,6579.24,2.82,3961080064,117506606000
2018-07-08,0.0,0.0,0,0,6857.8,6773.88,6885.91,6747.98,-1.22,3386210048,116097021279
2018-07-09,0.11083333333333334,0.3158333333333333,0,1,6775.08,6741.75,6838.68,6724.34,-0.49,3718129920,115557889495
2018-07-10,0.026056864945753835,0.23898241676019452,0,1,6739.21,6329.95,6767.74,6320.72,-6.07,4052430080,108511009626
2018-07-11,0.08037518037518036,0.27135642135642135,0,1,6330.77,6394.71,6444.96,6330.47,1.01,3644859904,109631867446
2018-07-12,-0.020292207792207795,0.2502164502164502,0,1,6396.78,6228.81,6397.1,6136.42,-2.63,3770170112,106798864820
2018-07-13,0.02777777777777778,0.05555555555555555,0,0,6235.03,6238.05,6310.55,6192.24,0.05,3805400064,106968440793
2018-07-14,0.10037878787878789,0.36098484848484846,0,1,6247.5,6276.12,6298.19,6212.22,0.46,2923670016,107631453835
2018-07-15,0.0,0.0,0,0,6272.7,6359.64,6403.46,6256.51,1.39,3285459968,109074579938
2018-07-16,0.05303030303030303,0.24621212121212122,0,1,6357.01,6741.75,6741.75,6357.01,6.05,4725799936,115638203962
2018-07-17,0.023895202020202014,0.1921717171717172,0,0,6739.65,7321.04,7387.24,6684.17,8.63,5961950208,125588963706
2018-07-18,0.06302083333333333,0.22031250000000002,0,1,7315.32,7370.78,7534.99,7280.47,0.76,6103410176,126458165406
2018-07-19,0.022835497835497837,0.13097943722943722,0,0,7378.2,7466.86,7494.46,7295.46,1.2,5111629824,128122730711
2018-07-20,0.009595959595959595,0.07920875420875421,0,0,7467.4,7354.13,7594.67,7323.26,-1.52,4936869888,126202570251
2018-07-21,0.07575757575757576,0.29848484848484846,0,1,7352.72,7419.29,7437.64,7262.41,0.91,3726609920,127333468174
2018-07-22,0.109375,0.18125,0,0,7417.8,7418.49,7537.95,7383.82,0.01,3695460096,127336615249
2018-07-23,0.046875,0.3958333333333333,0,1,7414.71,7711.11,7771.5,7409.1,4.0,5132480000,132375368459
2018-07-24,0.06166666666666667,0.385,0,1,7716.51,8424.27,8424.27,7705.5,9.17,7277689856,144634918474
2018-07-25,0.047294372294372285,0.21677489177489176,0,1,8379.66,8181.39,8416.87,8086.36,-2.37,5845400064,140482950401
2018-07-26,0.19769886363636363,0.4042045454545454,0,1,8176.85,7951.58,8290.33,7878.71,-2.75,4899089920,136553079708
2018-07-27,0.016666666666666666,0.2125,0,1,7950.4,8165.01,8262.66,7839.76,2.7,5195879936,140235573607
2018-07-28,0.0909090909090909,0.23636363636363636,0,1,8169.06,8192.15,8222.85,8110.77,0.28,3988750080,140716560550
2018-07-29,-0.044444444444444446,0.25277777777777777,0,1,8205.82,8218.46,8272.26,8141.18,0.15,4107190016,141185844808
2018-07-30,0.03125,0.03125,0,0,8221.58,8180.48,8235.5,7917.5,-0.5,5551400000,140547190784
2018-07-31,0.07428451178451179,0.25841750841750843,0,1,8181.2,7780.44,8181.53,7696.93,-4.9,5287530000,133688476220
2018-08-01,0.036759259259259255,0.24324074074074076,0,1,7769.04,7624.91,7769.04,7504.95,-1.86,4797620000,131030166771
2018-08-02,0.04895833333333333,0.1642361111111111,0,0,7634.19,7567.15,7712.77,7523.44,-0.88,4214110000,130052066760
2018-08-03,0.06621645021645022,0.15257864357864356,0,0,7562.14,7434.39,7562.14,7328.65,-1.69,4627150000,127785826655
2018-08-04,0.04375,0.10416666666666667,0,0,7438.67,7032.85,7497.49,6984.07,-5.46,4268390000,120899698889
2018-08-05,0.11454545454545455,0.3618181818181818,0,1,7031.08,7068.48,7102.77,6940.7,0.53,3679110000,121526079384
2018-08-06,-0.08506944444444445,0.21215277777777777,0,1,7062.94,6951.8,7166.55,6890.54,-1.57,3925900000,119531508535
2018-08-07,-0.12878787878787878,0.3242424242424243,0,1,6958.32,6753.12,7146.56,6748.24,-2.95,4682800000,116128339800
2018-08-08,0.048953823953823944,0.2296626984126984,0,1,6746.85,6305.8,6746.85,6226.22,-6.54,5064430000,108448409560
2018-08-09,-0.015277777777777779,0.3902777777777778,0,1,6305.56,6568.23,6625.73,6249.07,4.17,4267040000,112973963230
2018-08-10,-0.028571428571428574,0.09285714285714286,0,0,6571.42,6184.71,6591.26,6124.52,-5.88,4528680000,106390927598
2018-08-11,0.0,0.0,0,0,6185.79,6295.73,6455.74,6109.03,1.78,4047850000,108314257212
2018-08-12,0.13686868686868686,0.4318181818181818,0,1,6283.65,6322.69,6409.85,6237.5,0.62,5665250000,108790259014
2018-08-13,0.059848484848484845,0.33768939393939396,0,1,6341.36,6297.57,6537.05,6225.72,-0.69,4083980000,108369686635
2018-08-14,0.013333333333333334,0.05055555555555555,0,0,6287.66,6199.71,6287.94,5971.05,-1.4,5301700000,106696389129
2018-08-15,0.049999999999999996,0.11666666666666665,0,0,6221.42,6308.52,6588.49,6221.42,1.4,4895450000,108581773101
2018-08-16,-0.009090909090909094,0.2506493506493506,0,1,6294.23,6334.73,6473.5,6276.41,0.64,4328420000,109045250379
2018-08-17,0.12285714285714286,0.2442857142857143,0,1,6340.91,6580.63,6582.5,6324.97,3.78,4992990000,113290724406
2018-08-18,-0.16916666666666663,0.19666666666666668,0,0,6583.43,6423.76,6617.35,6353.73,-2.43,3984520000,110603014928
2018-08-19,-0.16666666666666666,0.3333333333333333,0,1,6422.57,6506.07,6537.98,6361.55,1.3,3311170000,112031838393
2018-08-20,0.035227272727272725,0.20000000000000004,0,1,6500.51,6308.53,6536.92,6297.93,-2.95,3665100000,108642191682
2018-08-21,-0.02,0.01,0,0,6301.07,6488.76,6500.87,6298.24,2.98,3377180000,111758100192
2018-08-22,0.01388888888888889,0.23194444444444443,0,1,6486.25,6376.71,6816.79,6310.11,-1.69,4668110000,109840902181
2018-08-23,-0.0019480519480519526,0.16255411255411253,0,0,6371.34,6534.88,6546.54,6371.34,2.57,3426180000,112577436411
2018-08-24,0.014583333333333334,0.4395833333333333,0,1,6551.52,6719.96,6719.96,6498.64,2.57,4097820000,115778358839
2018-08-25,0.03363636363636363,0.3654545454545454,0,1,6719.95,6763.19,6789.63,6700.96,0.64,3312600000,116534497933
2018-08-26,0.13333333333333333,0.18333333333333335,0,0,6754.64,6707.26,6774.75,6620.75,-0.7,3295500000,115585205491
2018-08-27,0.14371717171717174,0.3857979797979798,0,1,6710.8,6884.64,6884.64,6689.71,2.59,4019000000,118657885712
2018-08-28,0.029761904761904764,0.3059523809523809,0,1,6891.08,7096.28,7109.56,6882.34,2.98,4659940000,122319195736
2018-08-29,0.09333333333333334,0.13999999999999999,0,0,7091.71,7047.16,7113.3,6970.82,-0.63,4145880000,121484666374
2018-08-30,-0.15,0.05,0,0,7043.76,6978.23,7072.69,6834.69,-0.93,4463250000,120309828156
2018-08-31,0.08874458874458875,0.3735930735930736,0,1,6973.97,7037.58,7057.17,6920.16,0.91,4495650000,121346613238
2018-09-01,0.325,0.45,1,1,7044.81,7193.25,7242.29,7038.05,2.11,4116050000,124044625438
2018-09-02,0.033333333333333326,0.16666666666666666,0,0,7189.58,7272.72,7306.31,7132.16,1.16,4329540000,125427780027
2018-09-03,-0.25,0.375,-1,1,7279.03,7260.06,7317.94,7208.15,-0.26,4087760000,125222785390
2018-09-04,-0.008333333333333328,0.19166666666666668,0,0,7263.0,7361.66,7388.26,7255.44,1.36,4273640000,126986882925
2018-09-05,-4.625929269271485e-18,0.24166666666666667,0,1,7361.46,6792.83,7388.43,6792.83,-7.72,5800460000,117185657641
2018-09-06,0.010416666666666666,0.08333333333333333,0,0,6755.14,6529.17,6755.14,6404.72,-3.35,5523470000,112649565532
2018-09-07,-0.014583333333333337,0.33749999999999997,0,1,6528.92,6467.07,6555.29,6396.87,-0.95,4264680000,111590424587
2018-09-08,0.2574074074074074,0.3314814814814815,1,1,6460.17,6225.98,6534.25,6197.52,-3.63,3835060000,107442122871
2018-09-09,-0.03333333333333333,0.06666666666666667,0,0,6223.38,6300.86,6446.26,6201.22,1.24,3671890000,108747090915
2018-09-10,0.07488162878787878,0.42026515151515154,0,1,6301.57,6329.7,6374.98,6292.76,0.45,3714100000,109255603474
2018-09-11,-0.015625,0.015625,0,0,6331.88,6321.2,6398.92,6260.21,-0.17,3849910000,109119948884
2018-09-12,0.04545454545454545,0.48484848484848486,0,1,6317.01,6351.8,6363.87,6265.09,0.55,4064230000,109661521297
2018-09-13,0.03409090909090909,0.11363636363636363,0,0,6354.24,6517.31,6535.41,6354.24,2.57,4210910000,112530970182
2018-09-14,-0.012896825396825401,0.1617063492063492,0,0,6515.41,6512.71,6596.1,6456.17,-0.04,4076220000,112462453186
2018-09-15,0.020833333333333336,0.26041666666666663,0,1,6509.4,6543.2,6561.72,6493.55,0.52,3216300000,113000324618
2018-09-16,0.225,0.55625,1,1,6536.68,6517.18,6544.33,6460.1,-0.3,3273730000,112562367224
2018-09-17,-0.016666666666666666,0.31145833333333334,0,1,6514.06,6281.2,6540.21,6257.52,-3.57,3910780000,108497127334
2018-09-18,-0.02638888888888889,0.31666666666666665,0,1,6280.91,6371.3,6384.18,6265.71,1.44,4180090000,110064685348
2018-09-19,0.0390625,0.25416666666666665,0,1,6371.85,6398.54,6448.46,6208.34,0.42,4431340000,110547735544
2018-09-20,-0.02007575757575758,0.12363636363636363,0,0,6398.85,6519.67,6529.26,6395.95,1.89,4348110000,112653130183
2018-09-21,0.06570247933884298,0.2871900826446281,0,1,6513.87,6734.95,6794.33,6496.36,3.39,6531940000,116385068032
2018-09-22,-0.08,0.19,0,0,6735.05,6721.98,6814.56,6616.8,-0.19,4509660000,116173876360
2018-09-23,0.1380952380952381,0.35555555555555557,0,1,6715.32,6710.63,6766.15,6679.42,-0.07,4197500000,115990387532
2018-09-24,0.1875,0.1875,0,0,6704.77,6595.41,6713.56,6580.9,-1.63,4177310000,114011060309
2018-09-25,0.008333333333333331,0.2793650793650793,0,1,6603.64,6446.47,6603.64,6381.86,-2.38,4726180000,111450035114
2018-09-26,0.0675,0.2475,0,1,6452.79,6495.0,6585.91,6397.89,0.65,4437300000,112300336125
2018-09-27,0.03125,0.3541666666666667,0,1,6495.29,6676.75,6712.1,6464.95,2.79,4606810000,115454861756
2018-09-28,0.06575757575757576,0.3136363636363636,0,1,6678.75,6644.13,6785.03,6598.32,-0.52,5014430000,114903584220
2018-09-29,0.025,0.33333333333333337,0,1,6643.1,6601.96,6643.1,6511.65,-0.62,4363690000,114186839964
2018-09-30,-0.16416666666666668,0.2941666666666667,0,1,6604.71,6625.56,6643.78,6566.54,0.32,4002280000,114608519470
2018-10-01,0.2162037037037037,0.29074074074074074,1,1,6619.85,6589.62,6653.3,6549.08,-0.46,4000970000,113999846113
2018-10-02,-0.16666666666666666,0.25,0,1,6593.24,6556.1,6611.84,6537.9,-0.56,3979260000,113431019760
2018-10-03,0.030296296296296293,0.17525925925925928,0,0,6553.86,6502.59,6571.46,6454.03,-0.78,3887310000,112516993837
2018-10-04,-0.025,0.325,0,1,6497.91,6576.69,6603.31,6497.91,1.21,3838410000,113811343543
2018-10-05,0.08289772727272728,0.5159090909090909,0,1,6574.15,6622.48,6623.62,6557.41,0.74,3671500000,114614764674
2018-10-06,0.025189393939393935,0.2992424242424242,0,1,6622.45,6588.31,6628.54,6577.8,-0.52,3259740000,114033598927
2018-10-07,0.0,0.041666666666666664,0,0,6590.68,6602.95,6641.49,6557.04,0.19,3306630000,114298880311
2018-10-08,0.13999999999999999,0.31,0,1,6600.19,6652.23,6675.06,6576.04,0.79,3979460000,115162906843
2018-10-09,0.12833333333333333,0.31999999999999995,0,1,6653.08,6642.64,6661.41,6606.94,-0.16,3580810000,115007759484
2018-10-10,0.0893939393939394,0.35000000000000003,0,1,6640.29,6585.53,6640.29,6538.96,-0.82,3787650000,114030835912
2018-10-11,-0.095,0.44749999999999995,0,1,6586.74,6256.24,6586.74,6243.74,-5.02,5181640000,108341572839
2018-10-12,0.11666666666666665,0.11666666666666665,0,0,6239.25,6274.58,6328.5,6236.47,0.57,3783500000,108669526315
2018-10-13,0.1796296296296296,0.23981481481481481,0,1,6278.08,6285.99,6308.51,6259.81,0.13,3064030000,108878136724
2018-10-14,0.0,0.0875,0,0,6288.49,6290.93,6363.21,6280.15,0.04,3085320000,108972590373
2018-10-15,0.0625,0.3125,0,1,6292.64,6596.54,6965.06,6258.68,4.83,7370770000,114280022340
2018-10-16,0.08825757575757576,0.24696969696969695,0,1,6601.41,6596.11,6673.59,6571.37,-0.08,4074800000,114283707152
2018-10-17,0.059166666666666666,0.19333333333333333,0,0,6590.52,6544.43,6601.21,6517.45,-0.7,4088420000,113399343801
2018-10-18,0.13125,0.33125,0,1,6542.33,6476.71,6567.54,6450.04,-1.0,3924080000,112237252159
2018-10-19,0.027777777777777787,0.10555555555555556,0,0,6478.07,6465.41,6493.68,6445.31,-0.2,3578870000,112052990522
2018-10-20,0.0,0.0,0,0,6460.92,6489.19,6497.72,6449.0,0.44,3379130000,112476559221
2018-10-21,-0.13541666666666666,0.31666666666666665,0,1,6490.09,6482.35,6556.38,6476.0,-0.12,3253610000,112369106369
2018-10-22,0.0,0.0,0,0,6486.05,6487.16,6543.8,6462.98,0.02,3672860000,112465213723
2018-10-23,-0.033333333333333326,0.5011904761904762,0,1,6472.36,6475.74,6506.01,6451.27,0.05,3716150000,112279779884
2018-10-24,0.07954545454545454,0.25681818181818183,0,1,6478.89,6495.84,6521.99,6468.86,0.26,3424670000,112637293966
2018-10-25,-0.05,0.05,0,0,6484.65,6476.29,6504.65,6447.03,-0.13,3230550000,112309554478
2018-10-26,0.045670995670995675,0.24013347763347762,0,1,6468.44,6474.75,6498.29,6449.61,0.1,3306050000,112294341019
2018-10-27,0.0,0.0,0,0,6480.84,6480.38,6507.41,6453.53,-0.01,3393250000,112403001148
2018-10-28,0.2653409090909091,0.5386363636363636,1,1,6482.66,6486.39,6502.28,6447.91,0.06,3445190000,112518434372
2018-10-29,0.09375,0.16666666666666666,0,0,6492.35,6332.63,6503.6,6306.99,-2.46,4199910000,109862898081
2018-10-30,0.13666666666666666,0.30333333333333334,0,1,6337.04,6334.27,6364.99,6310.14,-0.04,3781100000,109903543419
2018-10-31,0.08333333333333333,0.08333333333333333,0,0,6336.99,6317.61,6349.16,6316.88,-0.31,4191240000,109627117226
2018-11-01,0.0803030303030303,0.249025974025974,0,1,6318.14,6377.78,6547.14,6311.83,0.94,3789400000,110683820788
2018-11-02,0.043333333333333335,0.19666666666666666,0,0,6378.92,6388.44,6396.86,6327.38,0.15,4234870000,110880236966
2018-11-03,0.2394345238095238,0.4269345238095238,1,1,6387.24,6361.26,6400.07,6342.37,-0.41,3658640000,110421212888
2018-11-04,0.12666666666666665,0.34833333333333333,0,1,6365.47,6376.13,6388.63,6294.57,0.17,4390020000,110689215104
2018-11-05,-0.07857142857142858,0.3071428571428571,0,1,6363.62,6419.66,6480.59,6363.62,0.88,4174800000,111456211022
2018-11-06,0.09073426573426571,0.31644327894327895,0,1,6433.38,6461.01,6463.55,6408.16,0.43,4700040000,112095603776
2018-11-07,0.12666666666666665,0.4133333333333334,0,1,6468.5,6530.14,6552.16,6468.31,0.95,4941260000,113395632955
2018-11-08,0.1284722222222222,0.5069444444444444,0,1,6522.27,6453.72,6536.92,6438.53,-1.05,4665260000,112078367037
2018-11-09,0.17666666666666667,0.35,0,1,6442.6,6385.62,6456.46,6373.37,-0.88,4346820000,110905767441
2018-11-10,-0.08472222222222221,0.3555555555555556,0,1,6386.13,6409.22,6437.28,6385.31,0.36,3705320000,111326145314
2018-11-11,-0.1,0.35,0,1,6413.63,6411.27,6423.25,6350.17,-0.04,3939060000,111373453740
2018-11-12,0.1547619047619048,0.1976190476190476,0,0,6411.76,6371.27,6434.21,6360.47,-0.63,4295770000,110689666528
2018-11-13,-0.09236111111111112,0.2777777777777778,0,1,6373.19,6359.49,6395.27,6342.67,-0.21,4503800000,110494466204
2018-11-14,0.14166666666666666,0.27222222222222225,0,1,6351.24,5738.35,6371.55,5544.09,-9.65,7398940000,99712077259
2018-11-15,-0.04943181818181818,0.47758838383838387,0,1,5736.15,5648.03,5774.82,5358.38,-1.54,7032140000,98151606541
2018-11-16,0.0125,0.3,0,1,5645.32,5575.55,5657.02,5498.94,-1.24,5279320000,96900828780
2018-11-17,-0.11267361111111113,0.3958333333333333,0,1,5578.58,5554.33,5578.58,5519.56,-0.43,4303150000,96542098114
2018-11-18,0.11648809523809524,0.36892857142857144,0,1,5559.74,5623.54,5653.61,5559.74,1.15,4159680000,97753714643
2018-11-19,0.12485714285714286,0.48657142857142854,0,1,5620.78,4871.49,5620.78,4842.91,-13.33,7039560000,84688539692
2018-11-20,-0.01814814814814815,0.09037037037037038,0,0,4863.93,4451.87,4951.61,4272.11,-8.47,8428290000,77401044320
2018-11-21,0.09416666666666666,0.47333333333333333,0,1,4465.54,4602.17,4675.73,4343.98,3.06,6120120000,80020171047
2018-11-22,-0.03333333333333333,0.2583333333333333,0,1,4611.57,4365.94,4629.64,4365.64,-5.33,4569370000,75919439809
2018-11-23,0.028703703703703703,0.09074074074074075,0,0,4360.7,4347.11,4396.42,4195.68,-0.31,4871490000,75598851166
2018-11-24,0.10069444444444445,0.25416666666666665,0,1,4347.69,3880.76,4413.09,3795.16,-10.74,4679500000,67495633205
2018-11-25,-0.008333333333333337,0.175,0,0,3880.78,4009.97,4120.87,3585.06,3.33,6825640000,69749265801
2018-11-26,0.1375,0.26875,0,1,4015.07,3779.13,4107.14,3643.92,-5.88,6476900000,65739289046
2018-11-27,0.08125,0.14375,0,0,3765.95,3820.72,3862.96,3661.01,1.45,5998720000,66468970322
2018-11-28,0.09659090909090909,0.36363636363636365,0,1,3822.47,4257.42,4385.9,3822.47,11.38,7280280000,74072560088
2018-11-29,0.03260942760942761,0.15317340067340066,0,0,4269.0,4278.85,4413.02,4145.77,0.23,6503347767,74451016927
2018-11-30,0.06727272727272728,0.3317424242424242,0,1,4289.09,4017.27,4322.98,3942.82,-6.34,6048016717,69904637061
2018-12-01,0.049999999999999996,0.15,0,0,4024.46,4214.67,4309.38,3969.71,4.73,5375314093,73346194969
2018-12-02,0.2090909090909091,0.4636363636363636,1,1,4200.73,4139.88,4301.52,4110.98,-1.45,5262697895,72050487506
2018-12-03,0.08333333333333334,0.17142857142857143,0,0,4147.32,3894.13,4155.98,3840.45,-6.1,5089570994,67779050170
2018-12-04,0.08253968253968255,0.16666666666666666,0,0,3886.29,3956.89,4075.63,3832.75,1.82,5028069239,68878292608
2018-12-05,0.16666666666666666,0.2833333333333333,0,1,3958.89,3753.99,3969.54,3753.99,-5.18,5302481574,65352496336
2018-12-06,-0.084375,0.275,0,1,3754.07,3521.1,3874.97,3521.1,-6.21,5878333109,61303965508
2018-12-07,0.03333333333333333,0.2833333333333333,0,1,3512.59,3419.94,3512.59,3280.23,-2.64,6835615448,59547645578
2018-12-08,0.045,0.16666666666666669,0,0,3421.91,3476.11,3506.04,3350.65,1.58,5305024497,60531278392
2018-12-09,0.2625,0.4083333333333333,1,1,3473.23,3614.23,3685.31,3469.09,4.06,4947372847,62942160928
2018-12-10,0.08333333333333333,0.3499999999999999,0,1,3612.05,3502.66,3647.33,3470.14,-3.03,5020968740,61004445982
2018-12-11,0.041666666666666664,0.3354166666666667,0,1,3497.55,3424.59,3513.18,3392.25,-2.09,4696765188,59650201102
2018-12-12,0.06,0.31,0,1,3421.46,3486.95,3534.23,3413.48,1.91,4139364829,60741625426
2018-12-13,0.22916666666666666,0.3375,1,1,3487.88,3313.68,3489.74,3298.13,-4.99,4343372456,57728688216
2018-12-14,0.2611111111111111,0.2333333333333333,1,1,3311.75,3242.48,3329.56,3206.54,-2.09,4372763663,56494379457
2018-12-15,0.078125,0.21875,0,1,3244.0,3236.76,3275.38,3191.3,-0.22,3551763561,56400691425
2018-12-16,0.5,0.5,1,1,3236.27,3252.84,3305.75,3233.82,0.51,3744248994,56685436644
2018-12-17,0.20333333333333337,0.35,1,1,3253.12,3545.86,3597.92,3253.12,9.0,5409247918,61798926687
2018-12-18,0.02285353535353535,0.3423821548821549,0,1,3544.76,3696.06,3701.35,3487.17,4.27,5911325473,64422587801
2018-12-19,0.12746753246753248,0.21084415584415583,0,1,3706.82,3745.95,3949.32,3687.23,1.06,6810689119,65299132785
2018-12-20,0.05833333333333333,0.26666666666666666,0,1,3742.2,4134.44,4191.23,3728.97,10.48,8927129279,72078243771
2018-12-21,0.1476190476190476,0.31428571428571433,0,1,4133.7,3896.54,4198.43,3850.95,-5.74,7206015706,67937650255
2018-12-22,0.0,0.2625,0,1,3898.08,4014.18,4014.18,3855.74,2.98,5605823233,69997508295
2018-12-23,0.2928571428571428,0.34571428571428575,1,1,4020.99,3998.98,4085.72,3976.41,-0.55,6151275490,69741217417
2018-12-24,0.11233766233766233,0.23993506493506495,0,1,4000.33,4078.6,4271.79,4000.33,1.96,7240968501,71137548589
2018-12-25,0.05920138888888887,0.5986111111111111,0,1,4081.03,3815.49,4089.56,3760.02,-6.51,6158207293,66556033172
2018-12-28,0.11121332371332371,0.3467893217893218,0,1,3653.13,3923.92,3956.14,3642.63,7.41,5631554348,68471837969
2018-12-29,0.09027777777777778,0.26666666666666666,0,1,3932.49,3820.41,3963.76,3820.41,-2.85,4991655917,66672244158
2018-12-30,0.30416666666666664,0.3416666666666666,1,1,3822.38,3865.95,3901.91,3797.22,1.14,4770578575,67475512827
2018-12-31,0.12045454545454547,0.21103896103896105,0,1,3866.84,3742.7,3868.74,3725.87,-3.21,4661840806,65331499158
2019-01-01,0.051190476190476196,0.3523809523809524,0,1,3746.71,3843.52,3850.91,3707.23,2.58,4324200990,67098634181
2019-01-02,0.17638888888888887,0.36944444444444446,0,1,3849.22,3943.41,3947.98,3817.41,2.45,5244856836,68849856732
2019-01-03,-0.018518518518518517,0.20925925925925926,0,1,3931.05,3836.74,3935.69,3826.22,-2.4,4530215219,66994920903
2019-01-04,0.14305555555555557,0.27546296296296297,0,1,3832.04,3857.72,3865.93,3783.85,0.67,4847965467,67368333500
2019-01-05,0.06354166666666666,0.18125,0,0,3851.97,3845.19,3904.9,3836.9,-0.18,5137609824,67157570935
2019-01-06,0.08333333333333333,0.625,0,1,3836.52,4076.63,4093.3,3826.51,6.26,5597027440,71206795853
2019-01-07,0.028703703703703693,0.19014550264550265,0,0,4078.59,4025.25,4092.61,4020.89,-1.31,5228625637,70316305580
2019-01-08,0.06727272727272728,0.18090909090909094,0,0,4028.47,4030.85,4109.02,3996.96,0.06,5306593305,70422743854
2019-01-09,0.05863636363636363,0.12878787878787878,0,0,4031.55,4035.3,4068.4,4022.66,0.09,5115905225,70508733459
2019-01-10,-0.03148148148148149,0.30052910052910053,0,1,4034.41,3678.92,4064.07,3659.17,-8.81,6874143796,64288932886
2019-01-11,0.10311447811447812,0.37550505050505056,0,1,3674.02,3687.37,3713.88,3653.07,0.36,5538712865,64443301117
2019-01-12,0.10833333333333334,0.10833333333333334,0,0,3686.97,3661.3,3698.98,3653.81,-0.7,4778170883,63994140882
2019-01-13,0.14285714285714285,0.30357142857142855,0,1,3658.87,3552.95,3674.76,3544.93,-2.89,4681302466,62106461671
2019-01-14,-0.039709595959595965,0.2138383838383838,0,1,3557.31,3706.05,3727.84,3552.29,4.18,5651384490,64789619995
2019-01-15,0.07142857142857142,0.16666666666666669,0,0,3704.22,3630.68,3720.15,3619.95,-1.99,5537192302,63477817959
2019-01-16,0.08371212121212121,0.3411931818181818,0,1,3631.51,3655.01,3685.78,3624.67,0.65,5394457145,63909348776
2019-01-17,0.08535353535353535,0.2363636363636364,0,1,3651.87,3678.56,3680.14,3621.96,0.73,5464420383,64327048255
2019-01-18,0.09642857142857143,0.32857142857142857,0,1,3677.99,3657.84,3682.52,3637.08,-0.55,5002961727,63970991867
2019-01-19,-0.05,0.425,0,1,3652.38,3728.57,3758.53,3652.38,2.09,5955691380,65214103659
2019-01-20,0.24702380952380953,0.4280753968253968,1,1,3725.45,3601.01,3743.39,3583.02,-3.34,5582489560,62990143284
2019-01-21,-0.013602292768959445,0.34282186948853616,0,1,3600.37,3576.03,3608.84,3558.54,-0.68,5004347059,62559869612
2019-01-22,0.31186868686868685,0.3858585858585859,1,1,3575.08,3604.58,3620.75,3539.72,0.83,5313623556,63065139424
2019-01-23,0.08719780219780218,0.2529120879120879,0,1,3605.56,3585.12,3623.07,3565.31,-0.57,5433755649,62731361272
2019-01-24,0.02349887766554433,0.36464646464646466,0,1,3584.5,3600.87,3616.09,3569.09,0.46,5262869046,63014066012
2019-01-25,0.21633522727272728,0.3846590909090909,1,1,3607.39,3599.77,3612.93,3575.6,-0.21,5265847539,63000985908
2019-01-26,0.022222222222222223,0.2,0,0,3599.72,3602.46,3654.93,3593.35,0.08,5098183235,63054898963
2019-01-27,0.24074074074074073,0.25,1,1,3604.69,3583.97,3612.67,3567.25,-0.57,5570752966,62737274093
2019-01-28,0.15208333333333332,0.19791666666666666,0,0,3584.28,3470.45,3586.75,3439.23,-3.18,6908930483,60756570314
2019-01-29,0.05123456790123456,0.3193342151675485,0,1,3468.87,3448.12,3476.07,3400.82,-0.6,5897159493,60371874099
2019-01-30,0.08982683982683982,0.19069264069264066,0,0,3443.9,3486.18,3495.17,3429.39,1.23,5955112627,61044262622
2019-01-31,0.04870867768595041,0.30137741046831956,0,1,3485.41,3457.79,3504.8,3447.92,-0.79,5831198271,60553903927
2019-02-01,0.019513888888888876,0.39111111111111113,0,1,3460.55,3487.95,3501.95,3431.59,0.79,5422926707,61088747491
2019-02-02,0.048295454545454544,0.2547348484848485,0,1,3484.63,3521.06,3523.29,3467.57,1.05,5071623601,61675119055
2019-02-03,0.14583333333333334,0.175,0,0,3516.14,3464.01,3521.39,3447.92,-1.48,5043937584,60681847608
2019-02-04,0.10698051948051947,0.26136363636363635,0,1,3467.21,3459.15,3476.22,3442.59,-0.23,5332718886,60603083461
2019-02-05,-0.042803030303030294,0.20335497835497834,0,1,3454.95,3466.36,3478.15,3451.94,0.33,5227549545,60735563490
2019-02-06,0.010784932659932654,0.25732323232323234,0,1,3469.09,3413.77,3469.09,3398.57,-1.59,5482196038,59821158612
2019-02-07,0.015378787878787875,0.13452651515151517,0,0,3414.93,3399.47,3427.95,3394.22,-0.45,5004962683,59578075991
2019-02-08,0.07695406445406444,0.39310966810966813,0,1,3401.38,3666.78,3695.61,3391.02,7.8,7735623101,64270269953
2019-02-09,0.101010101010101,0.2737373737373737,0,1,3671.59,3671.2,3679.94,3646.56,-0.01,6158833645,64354732475
2019-02-10,0.22430555555555554,0.42777777777777776,1,1,3673.2,3690.19,3695.04,3640.98,0.46,6282256903,64694025951
2019-02-11,0.005303030303030291,0.3704545454545454,0,1,3695.61,3648.43,3695.61,3642.29,-1.28,6277056434,63968390250
2019-02-12,-0.047319347319347324,0.22325174825174826,0,1,3642.75,3653.53,3668.59,3618.56,0.3,6480384532,64063755250
2019-02-13,-0.007196969696969695,0.1694128787878788,0,0,3653.6,3632.07,3669.75,3617.25,-0.59,6438903823,63694394519
2019-02-14,-0.07430555555555556,0.2821180555555556,0,1,3631.17,3616.88,3646.26,3607.7,-0.39,6271044418,63434486052
2019-02-15,0.03977272727272728,0.15608766233766236,0,0,3617.37,3620.81,3647.8,3608.21,0.1,6091952231,63509111125
2019-02-16,0.11611781076066788,0.41231447124304266,0,1,3615.27,3629.79,3652.84,3615.27,0.4,5934744052,63673369195
2019-02-17,0.28363636363636363,0.47712121212121206,1,1,3633.36,3673.84,3680.54,3619.18,1.11,7039512503,64453368779
2019-02-18,0.08645833333333335,0.265625,0,1,3671.37,3915.71,3936.67,3669.98,6.66,9908216640,68704389994
2019-02-19,-0.004908459595959594,0.24046717171717172,0,1,3911.66,3947.09,4010.88,3908.15,0.91,9933626655,69262673238
2019-02-20,0.07343434343434344,0.32376262626262625,0,1,3946.68,3999.82,4000.49,3926.25,1.35,8693373948,70194350042
2019-02-21,0.04800934343434343,0.3519515151515152,0,1,4000.26,3954.12,4010.01,3940.11,-1.15,7775128102,69398333876
2019-02-22,0.07329545454545455,0.12556818181818183,0,0,3952.41,4005.53,4006.54,3950.82,1.34,7826525254,70308555857
2019-02-23,0.08333333333333333,0.4583333333333333,0,1,3998.92,4142.53,4166.29,3968.73,3.59,8922258316,72720867208
2019-02-24,0.21875,0.625,1,1,4145.46,3810.43,4210.64,3793.71,-8.08,10794227451,66897483404
2019-02-25,0.008168044077134985,0.2277823691460055,0,1,3807.0,3882.7,3913.71,3807.0,1.99,9318796067,68173204651
2019-02-26,0.0012265512265512266,0.2575937950937951,0,1,3878.7,3854.36,3891.58,3837.99,-0.63,7931218996,67683296223
2019-02-27,0.025645342312008976,0.22149270482603817,0,1,3857.48,3851.05,3888.8,3787.06,-0.17,8301309684,67631949500
2019-02-28,0.07317620650953985,0.1813692480359147,0,0,3848.26,3854.79,3906.06,3845.82,0.17,8399767798,67704774107
2019-03-01,0.05,0.05,0,0,3853.76,3859.58,3907.8,3851.69,0.15,7661247975,67796965743
2019-03-02,0.125,0.2375,0,1,3855.32,3864.42,3874.61,3832.13,0.24,7578786076,67888255371
2019-03-03,0.0806547619047619,0.31785714285714284,0,1,3862.27,3847.18,3875.48,3836.91,-0.39,7253558152,67592376373
2019-03-04,0.0375,0.2785714285714285,0,1,3845.09,3761.56,3867.38,3733.75,-2.17,9029175788,66094551587
2019-03-05,-0.0011363636363636391,0.15662878787878787,0,0,3759.83,3896.38,3903.92,3745.18,3.63,10174126415,68470655400
2019-03-06,0.024305555555555566,0.23923611111111112,0,1,3897.08,3903.94,3919.51,3871.46,0.18,9175291529,68609885776
2019-03-07,0.018013468013468013,0.11498316498316499,0,0,3903.38,3911.48,3939.37,3894.11,0.21,9584165519,68749421311
2019-03-08,-0.02708333333333333,0.12708333333333333,0,0,3913.23,3901.13,3950.43,3875.23,-0.31,10638638944,68574579320
2019-03-09,0.04166666666666667,0.6458333333333333,0,1,3894.55,3963.31,3987.24,3892.39,1.77,10796103518,69674508655
2019-03-10,0.23363636363636364,0.37,1,1,3966.17,3951.6,3966.17,3924.38,-0.37,9713267607,69475297370
2019-03-11,-0.0625,0.259375,0,1,3953.74,3905.23,3966.38,3889.24,-1.23,10125901903,68666928025
2019-03-12,0.024025974025974024,0.30389610389610394,0,1,3903.76,3909.16,3926.89,3863.56,0.14,9809887079,68743000581
2019-03-13,0.1134695165945166,0.30376082251082254,0,1,3913.05,3906.72,3926.6,3891.9,-0.16,9469184841,68706700381
2019-03-14,0.0018973063973063994,0.302429292929293,0,1,3905.58,3924.37,3946.5,3901.3,0.48,10480789570,69024696307
2019-03-15,0.013888888888888888,0.21296296296296297,0,1,3926.66,3960.91,3968.54,3914.02,0.87,9394210605,69675002377
2019-03-16,0.3333333333333333,0.3333333333333333,1,1,3963.9,4048.73,4077.04,3961.66,2.14,9856166973,71227967573
2019-03-17,0.4583333333333333,0.4583333333333333,1,1,4047.72,4025.23,4054.12,4006.41,-0.56,8221625400,70821939585
2019-03-18,0.09247948232323232,0.3654987373737374,0,1,4029.97,4032.51,4071.56,4009.12,0.06,9646954186,70958165407
2019-03-19,0.028564491064491063,0.20775058275058272,0,1,4032.69,4071.19,4082.22,4023.81,0.95,9344919956,71647703828
2019-03-20,0.05799242424242425,0.3281818181818182,0,1,4070.79,4087.48,4089.46,4031.11,0.41,10175916388,71942444088
2019-03-21,-0.05555555555555555,0.06666666666666667,0,0,4083.95,4029.33,4097.36,4005.15,-1.34,10831212662,70926226882
2019-03-22,0.04328703703703704,0.23796296296296296,0,1,4028.51,4023.97,4053.91,4021.54,-0.11,9252935969,70840048102
2019-03-23,0.18750000000000003,0.2569444444444445,0,1,4022.71,4035.83,4049.88,4015.96,0.33,9578850549,71056017910
2019-03-24,0.16666666666666669,0.20833333333333331,0,1,4035.16,4022.17,4040.7,4006.19,-0.32,9144851065,70823042992
2019-03-25,-0.03441558441558441,0.15194805194805197,0,0,4024.11,3963.07,4038.84,3934.03,-1.52,10359818883,69789872373
2019-03-26,0.0,0.15833333333333333,0,0,3969.23,3985.08,3985.08,3944.75,0.4,10707678815,70184147203
2019-03-27,0.06654040404040404,0.15883838383838386,0,0,3984.24,4087.07,4087.07,3977.81,2.58,10897131934,71987847571
2019-03-28,-0.09999999999999999,0.2333333333333333,0,1,4087.58,4069.11,4094.9,4040.27,-0.45,9353915899,71678998915
2019-03-29,0.09849999999999999,0.20038888888888887,0,1,4068.3,4098.37,4113.5,4034.1,0.74,10918665557,72202088875
2019-03-30,0.11003787878787878,0.40290404040404043,0,1,4092.14,4106.66,4296.81,4053.91,0.35,9732688060,72355190645
2019-03-31,0.24722222222222223,0.44999999999999996,1,1,4105.46,4105.4,4113.02,4094.1,-0.0,9045122443,72339379036
2019-04-01,0.09163636363636364,0.23412121212121212,0,1,4105.36,4158.18,4164.95,4096.9,1.29,10157794171,73269368747
2019-04-02,0.0703125,0.3284722222222222,0,1,4156.92,4879.88,4905.95,4155.32,17.39,21315047816,85986009273
2019-04-03,0.06799242424242424,0.39523809523809517,0,1,4879.96,4973.02,5307.0,4876.62,1.91,22899891582,87655288145
2019-04-04,0.10714285714285714,0.18363095238095237,0,0,4971.31,4922.8,5063.16,4836.79,-0.98,18251810240,86778727821
2019-04-05,0.044444444444444446,0.0888888888888889,0,0,4922.81,5036.68,5053.51,4919.49,2.31,16837325387,88796118650
2019-04-06,0.22727272727272724,0.2909090909090909,1,1,5036.79,5059.82,5205.82,4992.22,0.46,16929795194,89212733450
2019-04-07,0.27499999999999997,0.35000000000000003,1,1,5062.79,5198.9,5235.19,5050.41,2.69,16655416140,91674230186
2019-04-08,-0.020454545454545454,0.31876262626262625,0,1,5199.84,5289.77,5318.84,5148.21,1.73,17154113634,93286365973
2019-04-09,0.030438311688311688,0.11991341991341992,0,0,5289.92,5204.96,5289.92,5167.42,-1.61,14722104361,91799330425
2019-04-10,0.06999999999999999,0.05,0,0,5204.11,5324.55,5421.65,5193.38,2.31,15504590933,93918439274
2019-04-11,-0.017857142857142856,0.06785714285714285,0,0,5325.08,5064.49,5354.23,5017.3,-4.89,16555616019,89341168457
2019-04-12,0.010900673400673397,0.3161195286195286,0,1,5061.2,5089.54,5103.27,4955.85,0.56,13675206312,89792633045
2019-04-13,0.036111111111111115,0.08888888888888889,0,0,5088.85,5096.59,5127.12,5061.59,0.15,10823289598,89925574875
2019-04-14,0.26,0.35666666666666663,1,1,5095.76,5167.72,5184.02,5053.57,1.41,10391952498,91188595341
2019-04-15,0.04090909090909091,0.20064935064935066,0,1,5167.32,5067.11,5196.61,5024.07,-1.94,12290155061,89422237603
2019-04-16,-0.02847222222222222,0.25555555555555554,0,1,5066.58,5235.56,5238.95,5055.19,3.34,11618660197,92404613297
2019-04-17,0.10770202020202022,0.2983585858585859,0,1,5236.14,5251.94,5274.28,5219.21,0.3,12438480677,92702617458
2019-04-18,0.1,0.4,0,1,5251.48,5298.39,5319.99,5250.51,0.89,13256489918,93532402741
2019-04-19,0.05416666666666666,0.2041666666666667,0,1,5298.15,5303.81,5336.68,5233.34,0.11,13780238655,93638345002
2019-04-20,0.08194444444444444,0.3435185185185185,0,1,5304.16,5337.89,5358.49,5295.88,0.64,13169647522,94248717444
2019-04-21,0.3333333333333333,0.4666666666666666,1,1,5335.88,5314.53,5359.93,5257.34,-0.4,13731844223,93847052256
2019-04-22,0.09444444444444444,0.1708333333333333,0,0,5312.49,5399.37,5422.69,5280.28,1.64,14601631648,95354207776
2019-04-23,0.04583333333333334,0.15277777777777776,0,0,5399.37,5572.36,5633.8,5389.41,3.2,15867308108,98417387004
2019-04-24,0.23611111111111113,0.47222222222222227,1,1,5571.51,5464.87,5642.04,5418.26,-1.91,17048033399,96530038144
2019-04-25,-0.06979166666666667,0.15,0,0,5466.52,5210.52,5542.24,5181.34,-4.68,15330283408,92046492864
2019-04-26,0.125,0.125,0,0,5210.3,5279.35,5383.63,5177.37,1.33,16812108040,93272287960
2019-04-27,0.0,0.0,0,0,5279.47,5268.29,5310.75,5233.64,-0.21,13111274675,93086156556
2019-04-28,0.5,0.5,1,1,5271.75,5285.14,5326.23,5255.68,0.25,12819992056,93391244395
2019-04-29,0.017272727272727273,0.26090909090909087,0,1,5284.86,5247.35,5311.27,5216.49,-0.71,13735490672,92737510865
2019-04-30,0.0828125,0.1875,0,0,5247.73,5350.73,5363.26,5224.19,1.96,13878964574,94573826827
2019-05-01,0.13055555555555556,0.2347222222222222,0,1,5350.91,5402.7,5418.0,5347.65,0.97,13679528236,95501110091
2019-05-02,0.08,0.41999999999999993,0,1,5402.42,5505.28,5522.26,5394.22,1.9,14644460907,97330112147
2019-05-03,0.13888888888888887,0.15,0,0,5505.55,5768.29,5865.88,5490.2,4.77,18720780006,101986240859
2019-05-04,-0.25,0.25,-1,1,5769.2,5831.17,5886.89,5645.47,1.07,17567780766,103112021259
2019-05-06,0.13994708994708993,0.30238095238095236,0,1,5791.69,5746.81,5802.96,5653.69,-0.77,15737171804,101640471056
2019-05-07,0.037500000000000006,0.375,0,1,5745.6,5829.5,5988.18,5741.4,1.46,18026409033,103112368557
2019-05-08,0.1527777777777778,0.20833333333333331,0,1,5849.48,5982.46,5989.98,5794.72,2.27,15320605300,105829143585
2019-05-09,0.025,0.375,0,1,5982.32,6174.53,6183.04,5982.32,3.21,16784645411,109238600750
2019-05-10,0.025,0.14166666666666666,0,0,6175.82,6378.85,6434.62,6161.52,3.29,19419875368,112863284035
2019-05-11,0.31666666666666665,0.35000000000000003,1,1,6379.67,7204.77,7333.0,6375.7,12.93,28867562329,127488435181
2019-05-12,0.16666666666666666,0.16666666666666666,0,0,7203.51,6972.37,7503.87,6815.77,-3.21,27773333680,123389710222
2019-05-13,0.16333333333333333,0.44666666666666666,0,1,6971.18,7814.92,8047.41,6898.28,12.1,28677672181,138316573807
2019-05-14,-0.03339646464646465,0.17617845117845116,0,0,7807.88,7994.42,8268.71,7696.39,2.39,32031452227,141508656735
2019-05-15,0.1706439393939394,0.31950757575757577,0,1,7989.37,8205.17,8216.42,7899.11,2.7,28344112920,145254332460
2019-05-16,0.043750000000000004,0.25833333333333336,0,1,8194.5,7884.91,8320.82,7729.61,-3.78,33167197581,139599559278
2019-05-17,0.1755952380952381,0.39285714285714285,0,1,7886.93,7343.9,7929.15,7038.12,-6.89,30066644905,130034777633
2019-05-18,0.1,0.11666666666666667,0,0,7341.66,7271.21,7447.27,7251.5,-0.96,21354286562,128761727083
2019-05-19,0.3736111111111111,0.5430555555555556,1,1,7267.96,8197.69,8261.94,7267.96,12.79,25902422040,145185076705
2019-05-20,0.10416666666666667,0.34027777777777773,0,1,8196.92,7978.31,8200.97,7678.78,-2.67,23843404340,141315695728
2019-05-21,-0.08571428571428572,0.2785714285714286,0,1,7977.97,7963.33,8062.17,7843.34,-0.18,25127245056,141065573610
2019-05-22,0.06727272727272728,0.2809090909090909,0,1,7956.29,7680.07,7997.61,7615.99,-3.47,24719473175,136063898960
2019-05-23,0.06,0.18,0,0,7677.27,7881.85,7943.79,7533.2,2.66,24457107820,139654107035
2019-05-24,0.1234375,0.33645833333333336,0,1,7881.7,7987.37,8140.72,7824.45,1.34,25919126991,141539115575
2019-05-25,0.1875,0.48611111111111116,0,1,7991.89,8052.54,8117.93,7965.98,0.76,22256813107,142708188838
2019-05-26,0.07916666666666666,0.53125,0,1,8055.21,8673.22,8687.52,7924.67,7.67,26677970091,153725486067
2019-05-27,0.21833333333333335,0.38999999999999996,1,1,8674.07,8805.78,8907.17,8668.7,1.52,27949839564,156093754762
2019-05-28,-0.03845598845598846,0.30263347763347764,0,1,8802.76,8719.96,8807.02,8634.72,-0.94,24226919267,154590202287
2019-05-29,0.12232142857142857,0.23241758241758242,0,1,8718.59,8659.49,8755.85,8482.73,-0.68,23473479966,153537047655
2019-05-30,-0.010714285714285714,0.26517857142857143,0,1,8661.76,8319.47,9008.31,8221.27,-3.95,29246528551,147525141134
2019-05-31,0.22682291666666665,0.3520833333333333,1,1,8320.29,8574.5,8586.66,8172.55,3.06,25365190957,152059886414
2019-06-01,0.022222222222222227,0.3111111111111111,0,1,8573.84,8564.02,8625.6,8481.58,-0.11,22488303544,151890214310
2019-06-02,0.25,0.25,1,1,8565.47,8742.96,8809.3,8561.24,2.07,20266216022,155077231351
2019-06-03,0.049999999999999996,0.19374999999999998,0,0,8741.75,8208.99,8743.5,8204.19,-6.09,22004511436,145619047341
2019-06-04,0.029772727272727274,0.1609090909090909,0,0,8210.99,7707.77,8210.99,7564.49,-6.13,24609731549,136742790469
2019-06-05,0.12499999999999999,0.30000000000000004,0,1,7704.34,7824.23,7901.85,7668.67,1.56,21760923463,138824651666
2019-06-06,0.16092171717171716,0.39797979797979793,0,1,7819.63,7822.02,7937.34,7571.47,0.03,19474611077,138800725479
2019-06-07,0.051111111111111114,0.1488888888888889,0,0,7826.9,8043.95,8126.15,7788.37,2.77,19141423231,142754693588
2019-06-08,-0.07500000000000001,0.05,0,0,8036.77,7954.13,8076.89,7837.61,-1.03,16522722810,141172841635
2019-06-09,0.3333333333333333,0.3333333333333333,1,1,7949.67,7688.08,7975.97,7583.22,-3.29,16610726547,136465098533
2019-06-10,0.0,0.14166666666666666,0,0,7692.28,8000.33,8031.91,7586.73,4.0,18689275117,142023351079
2019-06-11,-0.125,0.1375,0,0,8004.24,7927.71,8026.39,7772.8,-0.96,17107279932,140748537530
2019-06-12,0.0,0.075,0,0,7925.43,8145.86,8196.65,7862.36,2.78,19034432883,144634684711
2019-06-13,-0.044791666666666674,0.15,0,0,8145.55,8230.92,8311.57,8087.06,1.05,18669407147,146160317148
2019-06-14,0.15472132034632033,0.2658369408369408,0,1,8230.9,8693.83,8710.64,8183.39,5.62,19831162906,154398880249
2019-06-15,-0.05,0.15,0,0,8689.75,8838.38,8859.13,8618.4,1.71,18371033226,156982138835
2019-06-16,0.5,0.5,1,1,8841.44,8994.49,9335.87,8814.56,1.73,23348550311,159769423370
2019-06-17,0.08666666666666667,0.16,0,0,8988.92,9320.35,9416.41,8988.92,3.69,15562951919,165573372261
2019-06-18,0.06666666666666667,0.3666666666666667,0,1,9335.47,9081.76,9348.37,9004.9,-2.72,15848210536,161353637186
2019-06-19,0.13080808080808082,0.19065656565656566,0,0,9078.73,9273.52,9299.62,9070.4,2.15,15546809946,164780855869
2019-06-20,0.0075,0.21125,0,1,9273.06,9527.16,9594.42,9232.48,2.74,17846823784,169304784791
2019-06-21,-0.04295454545454545,0.32265151515151513,0,1,9525.07,10144.56,10144.56,9525.07,6.5,20624008643,180293241528
2019-06-22,0.02948051948051948,0.16683982683982682,0,0,10175.92,10701.69,11157.35,10107.04,5.17,29995204861,190214124824
2019-06-23,0.4125,0.4625,1,1,10696.69,10855.37,11246.14,10556.1,1.48,20998326502,192970090355
2019-06-24,-0.00977777777777778,0.061444444444444433,0,0,10853.74,11011.1,11065.9,10610.43,1.45,19271652365,195762668679
2019-06-25,0.05092592592592592,0.15277777777777776,0,0,11007.2,11790.92,11790.92,11007.2,7.12,24879684533,209647943360
2019-06-26,0.09458333333333332,0.18333333333333335,0,0,11778.58,13016.23,13796.49,11755.6,10.51,45105733173,231462117209
2019-06-27,0.07272727272727272,0.18636363636363634,0,0,13017.12,11182.81,13311.14,10491.85,-14.09,39977475223,198878940964
2019-06-28,0.07164502164502164,0.24913419913419912,0,1,11162.17,12407.33,12445.18,10914.49,11.16,35087757766,220681459666
2019-06-29,0.125,0.16666666666666666,0,0,12400.76,11959.37,12400.91,11508.38,-3.56,29923961128,212739713110
2019-06-30,0.2333333333333333,0.26666666666666666,1,1,11931.99,10817.16,12178.38,10799.01,-9.34,27256473494,192442065810
2019-07-01,0.10141414141414143,0.24656565656565657,0,1,10796.93,10583.13,11206.44,10089.31,-1.98,29378589324,188297637574
2019-07-02,0.09555555555555556,0.18962962962962962,0,0,10588.68,10801.68,10912.19,9737.88,2.01,31015895223,192206536806
2019-07-03,0.12777777777777777,0.37407407407407406,0,1,10818.16,11961.27,11968.08,10818.16,10.57,30796494294,212867079175
2019-07-04,-0.02121212121212122,0.3090909090909091,0,1,11972.72,11215.44,12006.08,11166.57,-6.33,25920294033,199617404432
2019-07-05,0.07500000000000001,0.24722222222222223,0,1,11203.1,10978.46,11395.66,10874.96,-2.01,23838480210,195424678267
2019-07-06,0.06,0.21000000000000002,0,1,10982.54,11208.55,11620.97,10982.54,2.06,21092024306,199546110914
2019-07-07,0.32727272727272727,0.510909090909091,1,1,11217.62,11450.85,11541.62,11148.8,2.08,19369044277,203881891346
2019-07-08,0.0683884297520661,0.3372854418308964,0,1,11446.6,12285.96,12345.83,11393.37,7.33,23482551458,218778355444
2019-07-09,0.01154100529100529,0.23280423280423282,0,1,12284.33,12573.81,12779.13,12233.26,2.36,28167921523,223928128583
2019-07-10,0.029017857142857144,0.07075892857142857,0,0,12571.54,12156.51,13129.53,11710.98,-3.3,33627574244,216515999522
2019-07-11,-0.014925044091710757,0.16340388007054674,0,0,12139.71,11358.66,12144.62,11158.92,-6.43,28595327690,202324174692
2019-07-12,-0.025534290271132375,0.12354066985645933,0,0,11354.3,11815.99,11905.49,11179.14,4.07,23534692797,210494417832
2019-07-13,-0.025,0.1,0,0,11813.13,11392.38,11841.96,10908.48,-3.56,21042616384,202968191001
2019-07-14,0.14985795454545453,0.35056818181818183,0,1,11381.02,10256.06,11451.2,10234.58,-9.88,22486000001,182741933552
2019-07-15,0.012163299663299654,0.21384680134680134,0,1,10257.84,10895.09,11052.77,9992.01,6.21,25384047207,194147627475
2019-07-16,-0.03657407407407408,0.2883101851851852,0,1,10896.65,9477.64,10996.63,9448.11,-13.02,24151199070,168908640950
2019-07-17,-0.078125,0.1625,0,0,9471.21,9693.8,9963.13,9163.13,2.35,24569921549,172777250515
2019-07-18,0.0402517825311943,0.21693404634581107,0,1,9698.5,10666.48,10736.84,9376.8,9.98,25187024648,190129918121
2019-07-19,0.0653371954842543,0.23987670825906118,0,1,10653.96,10530.73,10716.98,10229.63,-1.16,20727426310,187725578628
2019-07-20,0.11527777777777777,0.34861111111111115,0,1,10525.82,10767.14,11048.66,10451.28,2.29,20206615155,191963691255
2019-07-21,0.0585978835978836,0.14841269841269844,0,0,10777.53,10599.11,10841.89,10389.6,-1.66,17130580467,188987475962
2019-07-22,0.05,0.23125,0,1,10596.95,10343.11,10651.79,10154.92,-2.4,16334414913,184443440748
2019-07-23,0.03011363636363636,0.11912878787878789,0,0,10346.75,9900.77,10346.75,9883.6,-4.31,17851916995,176572890702
2019-07-24,0.16446969696969696,0.27719696969696966,0,1,9887.73,9811.93,9908.8,9614.31,-0.77,17398734322,175005760794
2019-07-25,0.01466750841750842,0.07535774410774411,0,0,9809.1,9911.84,10154.25,9773.96,1.05,15821952090,176806451137
2019-07-26,0.021543560606060608,0.09403409090909091,0,0,9913.13,9870.3,9916.52,9717.98,-0.43,14495714483,176085968354
2019-07-27,0.05284090909090909,0.20738636363636365,0,1,9871.16,9477.68,10167.32,9411.52,-3.99,16817809536,169099540423
2019-07-28,-0.014843750000000003,0.15,0,0,9491.63,9552.86,9575.55,9252.3,0.65,13738687093,170461958074
2019-07-29,0.05104166666666666,0.2375,0,1,9548.18,9519.15,9681.65,9472.95,-0.3,13791445323,169880343827
2019-07-30,0.03800837320574162,0.1481658692185008,0,0,9522.33,9607.42,9701.76,9437.34,0.89,13829811132,171472452506
2019-07-31,0.024081088664421994,0.2697250280583614,0,1,9604.05,10085.63,10085.63,9598.1,5.01,16631520648,180028959603
2019-08-01,0.049621212121212115,0.1380892255892256,0,0,10077.44,10399.67,10446.92,9922.02,3.2,17165337858,185653203391
2019-08-02,0.10277597402597402,0.2063690476190476,0,1,10402.04,10518.17,10657.95,10371.01,1.12,17489094082,187791090996
2019-08-03,0.125,0.1875,0,0,10519.28,10821.73,10946.78,10503.5,2.88,15352685061,193233960601
2019-08-04,0.013636363636363636,0.07045454545454546,0,0,10821.63,10970.18,11009.21,10620.28,1.37,16530894787,195907875403
2019-08-05,0.06390374331550802,0.19719251336898394,0,0,10960.74,11805.65,11895.09,10960.74,7.71,23875988832,210848822060
2019-08-06,0.012007575757575755,0.21141414141414142,0,1,11811.55,11478.17,12273.82,11290.73,-2.82,23635107660,205023347814
2019-08-07,0.029752066115702473,0.18822314049586775,0,0,11476.19,11941.97,12036.99,11433.7,4.06,22194988641,213330426789
2019-08-08,0.058061079545454544,0.2380681818181818,0,1,11954.04,11966.41,11979.42,11556.17,0.1,19481591730,213788089212
2019-08-09,0.03358585858585859,0.08162878787878787,0,0,11953.47,11862.94,11970.46,11709.75,-0.76,18339989960,211961319133
2019-08-10,0.0,0.20833333333333334,0,1,11861.56,11354.02,11915.66,11323.9,-4.28,18125355447,202890020455
2019-08-11,0.013541666666666665,0.2333333333333333,0,1,11349.74,11523.58,11523.58,11248.29,1.53,15774371518,205941632235
2019-08-12,0.09260101010101011,0.16431818181818178,0,0,11528.19,11382.62,11528.19,11320.95,-1.26,13647198229,203441494985
2019-08-13,0.006865530303030302,0.18191287878787876,0,0,11385.05,10895.83,11420.05,10830.33,-4.3,16681503537,194762696644
2019-08-14,0.0029411764705882413,0.18970588235294117,0,0,10889.49,10051.7,10889.56,10028.14,-7.69,19990838300,179692803424
2019-08-15,-0.03502747252747253,0.16167582417582416,0,0,10038.42,10311.55,10437.41,9675.32,2.72,22899115082,184357666577
2019-08-16,-0.007124242424242414,0.23656363636363634,0,1,10319.42,10374.34,10524.35,9855.48,0.53,20228207096,185500055339
2019-08-17,0.027777777777777776,0.061111111111111116,0,0,10358.72,10231.74,10452.62,10086.7,-1.23,13778035685,182966857173
2019-08-18,-0.006428571428571429,0.08571428571428572,0,0,10233.01,10345.81,10487.07,10119.09,1.1,12999813869,185022920955
2019-08-19,0.033057851239669415,0.24784533648170012,0,1,10350.28,10916.05,10916.05,10313.2,5.47,16038264603,195243306008
2019-08-20,-0.01529545454545455,0.20157070707070707,0,1,10916.35,10763.23,10947.04,10618.96,-1.4,15053082175,192530283565
2019-08-21,0.030878332194121668,0.13262702210070632,0,0,10764.57,10138.05,10798.73,9962.72,-5.82,19473084768,181364502142
2019-08-22,0.04199134199134199,0.15376082251082251,0,0,10142.52,10131.06,10233.0,9831.46,-0.11,17097508856,181257125783
2019-08-23,-0.024663299663299658,0.1452581369248036,0,0,10136.31,10407.97,10442.44,10078.19,2.68,15627023886,186231409722
2019-08-24,-0.004166666666666667,0.22777777777777783,0,1,10407.64,10159.96,10418.02,9982.3,-2.38,15451030650,181813631752
2019-08-25,0.09531250000000001,0.3,0,1,10160.74,10138.52,10304.62,10008.79,-0.22,14153856610,181450186164
2019-08-26,0.07946428571428572,0.15952380952380954,0,0,10126.3,10370.82,10512.33,10126.3,2.41,18438654080,185625235889
2019-08-27,-0.07622655122655123,0.3773665223665224,0,1,10372.83,10185.5,10381.33,10087.3,-1.81,14762609503,182325540955
2019-08-28,0.04010695187165775,0.31114081996434934,0,1,10203.43,9754.42,10279.37,9716.66,-4.4,17603790323,174627460400
2019-08-29,0.032196969696969696,0.3587121212121212,0,1,9756.79,9510.2,9756.79,9421.63,-2.53,17045878501,170274910132
2019-08-30,-0.024999999999999998,0.1732142857142857,0,0,9514.84,9598.17,9656.12,9428.3,0.88,13595263986,171869216524
2019-08-31,-0.008333333333333333,0.12833333333333333,0,0,9597.54,9630.66,9673.22,9531.8,0.35,11454806419,172470743516
2019-09-01,0.07083333333333333,0.16666666666666669,0,0,9630.59,9757.97,9796.76,9582.94,1.32,11445355859,174768292883
2019-09-02,0.008987603305785123,0.12162534435261708,0,0,9757.47,10346.76,10396.59,9730.65,6.04,17248102294,185333114163
2019-09-03,0.0848901098901099,0.15714285714285714,0,0,10345.73,10623.54,10736.1,10308.55,2.69,19384917989,190312487956
2019-09-04,0.011013986013986012,0.0988927738927739,0,0,10621.18,10594.49,10762.64,10434.71,-0.25,16742664769,189810010608
2019-09-05,-0.008857808857808859,0.1662004662004662,0,0,10588.18,10575.53,10627.27,10516.42,-0.12,14551239508,189492405383
2019-09-06,0.09409090909090909,0.31709790209790206,0,1,10578.2,10353.3,10898.76,10292.3,-2.13,19536574783,185530405363
2019-09-07,-0.0515625,0.1296875,0,0,10353.93,10517.25,10558.67,10348.92,1.58,15307366476,188488525926
2019-09-08,-0.020833333333333332,0.020833333333333332,0,0,10518.11,10441.28,10595.64,10409.09,-0.73,13670567493,187150078007
2019-09-09,0.03947811447811447,0.2848653198653199,0,1,10443.23,10334.97,10450.31,10144.93,-1.04,17595943368,185263578990
2019-09-10,-0.005496137849079028,0.23048128342245988,0,1,10336.41,10115.98,10394.35,10020.57,-2.13,14906809639,181360731383
2019-09-11,0.09299242424242425,0.2429608585858586,0,1,10123.03,10178.37,10215.95,9980.78,0.55,15428063426,182502788242
2019-09-12,0.033490259740259744,0.11401515151515151,0,0,10176.82,10410.13,10442.25,10099.24,2.29,15323563925,186678943059
2019-09-13,-0.03549586776859504,0.1592561983471074,0,0,10415.36,10360.55,10441.49,10226.6,-0.53,14109864675,185809163035
2019-09-14,0.011047979797979795,0.23482042648709317,0,1,10345.4,10358.05,10422.13,10291.69,0.12,13468713124,185784300332
2019-09-15,-0.1,0.33333333333333337,0,1,10356.47,10347.71,10387.03,10313.09,-0.08,12043433567,185618174384
2019-09-16,-0.010695187165775406,0.1359180035650624,0,0,10347.22,10276.79,10386.87,10189.74,-0.68,15160167779,184366827555
2019-09-17,0.0690530303030303,0.1452462121212121,0,0,10281.51,10241.27,10296.77,10199.74,-0.39,15304603363,183748515828
2019-09-18,0.07938596491228068,0.23070175438596488,0,1,10247.8,10198.25,10275.93,10191.47,-0.48,16169268880,182998899156
2019-09-19,0.008043981481481478,0.16712962962962963,0,0,10200.5,10266.41,10295.67,9851.69,0.65,19937691247,184240949577
2019-09-20,0.04196428571428571,0.10029761904761905,0,0,10266.32,10181.64,10285.87,10132.19,-0.82,14734189639,182738947696
2019-09-21,-0.04375,0.3770833333333333,0,1,10183.65,10019.72,10188.1,10000.71,-1.61,13425266806,179853287294
2019-09-22,-0.07291666666666667,0.16666666666666666,0,0,10024.12,10070.39,10074.44,9922.53,0.46,13199651698,180784051699
2019-09-23,-0.008316115702479338,0.24517906336088152,0,1,10067.96,9729.32,10074.24,9727.14,-3.36,15144925408,174674558023
2019-09-24,0.005762987012987013,0.3579004329004329,0,1,9729.32,8620.57,9804.32,8370.8,-11.4,25002886689,154785821876
2019-09-25,0.06624999999999999,0.15562499999999999,0,0,8603.43,8486.99,8744.83,8325.4,-1.35,21744728353,152404005091
2019-09-26,-0.020121212121212116,0.2698181818181818,0,1,8487.67,8118.97,8515.69,7895.63,-4.34,19258205289,145812492488
2019-09-27,-0.016510025062656638,0.1490810359231412,0,0,8113.1,8251.85,8271.52,7965.92,1.71,16408941156,148212635834
2019-09-28,-0.03470418470418471,0.2098484848484848,0,1,8251.27,8245.92,8285.62,8125.43,-0.06,14141152736,148122503616
2019-09-29,-0.022222222222222216,0.25,0,1,8246.04,8104.19,8261.71,7990.5,-1.72,13034629109,145590374681
2019-09-30,0.08725895316804406,0.10550964187327821,0,0,8104.23,8293.87,8314.23,7830.76,2.34,17115474183,149011567415
2019-10-01,0.014898989898989896,0.11767676767676769,0,0,8299.72,8343.28,8497.69,8232.68,0.52,15305343413,149913972768
2019-10-02,-0.026913364413364418,0.13627067377067378,0,0,8344.21,8393.04,8393.04,8227.7,0.59,13125712443,150823797662
2019-10-03,0.01776859504132231,0.11225895316804407,0,0,8390.77,8259.99,8414.23,8146.44,-1.56,13668823409,148448162840
2019-10-04,0.00011655011655011303,0.18222610722610721,0,0,8259.49,8205.94,8260.06,8151.24,-0.65,13139456229,147491804056
2019-10-05,0.04847222222222223,0.14444444444444443,0,0,8210.15,8151.5,8215.53,8071.12,-0.71,12200497197,146529229668
2019-10-06,0.09,0.11499999999999999,0,0,8149.88,7988.16,8161.41,7958.85,-1.98,13160830305,143607672862
2019-10-07,0.011805555555555555,0.16527777777777777,0,0,7989.12,8245.62,8308.45,7905.77,3.21,18009742607,148252589805
2019-10-08,0.0329308712121212,0.25227272727272726,0,1,8246.85,8228.78,8332.72,8185.76,-0.22,15592264032,147966069982
2019-10-09,-0.003977272727272729,0.1174715909090909,0,0,8229.84,8595.74,8627.71,8169.3,4.45,19384942333,154579656110
2019-10-10,0.09727272727272726,0.1709090909090909,0,0,8585.28,8586.47,8625.27,8471.93,0.01,17618660671,154430515160
2019-10-11,0.0680808080808081,0.35323232323232323,0,1,8585.26,8321.76,8721.78,8316.18,-3.07,19604381101,149685618275
2019-10-12,0.03375,0.35625000000000007,0,1,8315.66,8336.56,8415.24,8313.34,0.25,14532641605,149965767624
2019-10-13,-0.009259259259259264,0.15740740740740738,0,0,8336.9,8321.01,8470.99,8276.61,-0.19,13808286059,149700817939
2019-10-14,0.07575757575757576,0.2985722610722611,0,1,8320.83,8374.69,8390.21,8284.13,0.65,15151387859,150680499056
2019-10-15,0.0266025641025641,0.0766025641025641,0,0,8373.46,8205.37,8410.71,8182.71,-2.01,15220412632,147650082215
2019-10-16,-0.05072786690433748,0.2592840166369578,0,1,8204.67,8047.53,8216.81,7985.09,-1.92,16071646996,144823993562
2019-10-17,-0.02666666666666667,0.1766666666666667,0,0,8047.81,8103.91,8134.83,8000.94,0.7,14313052244,145853994298
2019-10-18,-0.04487179487179487,0.16474358974358974,0,0,8100.93,7973.21,8138.41,7902.16,-1.58,15651592610,143517630376
2019-10-19,0.09166666666666667,0.13194444444444445,0,0,7973.8,7988.56,8082.63,7944.78,0.19,13797825640,143808163807
2019-10-20,0.005555555555555556,0.24814814814814815,0,1,7997.81,8222.08,8281.82,7949.44,2.8,15504249442,148026597064
2019-10-21,-0.015268065268065269,0.21075174825174828,0,1,8225.12,8243.72,8296.69,8196.42,0.23,15868748866,148432733155
2019-10-22,0.009824810606060604,0.23572555916305915,0,1,8243.4,8078.2,8296.65,8074.46,-2.0,16803377857,145469660005
2019-10-23,0.03433982683982684,0.17383116883116884,0,0,8076.23,7514.67,8093.0,7469.32,-6.95,21942878958,135337364282
2019-10-24,0.021944444444444444,0.11722222222222221,0,0,7509.73,7493.49,7532.87,7446.99,-0.22,16268708849,134968410276
2019-10-25,0.05430289739500266,0.32971823498139285,0,1,7490.7,8660.7,8691.54,7479.98,15.62,28705065488,156006603607
2019-10-26,-0.03409090909090909,0.12954545454545455,0,0,8667.58,9244.97,10021.74,8662.62,6.66,44496255609,166547360782
2019-10-27,0.019047619047619046,0.18095238095238095,0,0,9241.71,9551.71,9749.53,9112.54,3.35,32593129501,172087039875
2019-10-28,0.018939393939393933,0.2909090909090909,0,1,9565.1,9256.15,9805.12,9256.15,-3.23,30948255332,166777392742
2019-10-29,0.015397727272727271,0.1574715909090909,0,0,9248.44,9427.69,9516.18,9232.65,1.94,28426779937,169883866262
2019-10-30,0.03501420454545454,0.14822443181818182,0,0,9422.46,9205.73,9426.87,9085.37,-2.3,27706531577,165899500650
2019-10-31,0.06017786561264823,0.22667984189723317,0,1,9202.46,9199.58,9383.16,9028.72,-0.03,26583653947,165804227835
2019-11-01,0.02402210884353742,0.18724489795918367,0,0,9193.99,9261.1,9275.66,9132.05,0.73,24324691031,166928044164
2019-11-02,-0.012727272727272728,0.26111742424242423,0,1,9259.78,9324.72,9377.49,9249.59,0.7,21242676385,168090392935
2019-11-03,-0.049999999999999996,0.17222222222222225,0,0,9324.79,9235.35,9379.81,9141.25,-0.96,21132220847,166495319475
2019-11-04,-0.0687926887926888,0.2972943722943723,0,1,9235.61,9412.61,9505.05,9191.49,1.92,26170255634,169706332936
2019-11-05,0.09898989898989899,0.25181818181818183,0,1,9413.0,9342.53,9457.42,9256.93,-0.75,26198609048,168459778835
2019-11-06,0.012485431235431233,0.19044289044289042,0,0,9340.86,9360.88,9423.24,9305.91,0.21,23133895765,168806151583
2019-11-07,0.09208096590909091,0.2661813446969697,0,1,9352.39,9267.56,9368.48,9202.35,-0.91,22700383839,167138722904
2019-11-08,0.03636363636363637,0.11363636363636366,0,0,9265.37,8804.88,9272.76,8775.53,-4.97,24333037836,158808570729
2019-11-09,0.046801346801346795,0.26186868686868686,0,1,8809.47,8813.58,8891.82,8793.16,0.05,17578630606,158981489715
2019-11-10,0.0,0.014285714285714287,0,0,8812.49,9055.53,9103.83,8806.16,2.76,20587919881,163364406732
2019-11-11,-0.028787878787878793,0.37426609848484854,0,1,9056.92,8757.79,9081.28,8700.61,-3.3,20265510765,158009772437
2019-11-12,0.06499409681227863,0.14067296340023613,0,0,8759.75,8815.66,8853.77,8685.43,0.64,20309769107,159068712900
2019-11-13,0.0572192513368984,0.19710338680926917,0,0,8812.03,8808.26,8836.84,8761.65,-0.04,17545755405,158949942842
2019-11-14,0.05497835497835498,0.18484848484848485,0,0,8811.94,8708.1,8826.94,8692.55,-1.18,19084739975,157160974644
2019-11-15,-0.011510513296227582,0.25939239332096475,0,1,8705.71,8491.99,8730.87,8484.84,-2.45,21796856471,153277483626
2019-11-16,-0.03722451790633609,0.2841253443526171,0,1,8491.17,8550.76,8592.0,8473.97,0.7,16495389808,154354054194
2019-11-17,-0.023966942148760332,0.22768595041322312,0,1,8549.47,8577.98,8727.79,8500.97,0.33,18668638897,154861842425
2019-11-18,0.015071770334928231,0.2612041467304625,0,1,8573.98,8309.29,8653.28,8273.57,-3.09,21579470673,150025712267
2019-11-19,0.007662337662337663,0.22903318903318903,0,1,8305.13,8206.15,8408.52,8099.96,-1.19,21083613816,148178376843
2019-11-20,0.08911255411255412,0.22968073593073596,0,1,8203.61,8027.27,8237.24,8010.51,-2.15,20764300437,144962727398
2019-11-21,-0.04313725490196079,0.21764705882352942,0,1,8023.64,7642.75,8110.1,7597.38,-4.75,22514243371,138031885379
2019-11-22,-0.00667613636363637,0.1928503787878788,0,0,7643.57,7296.58,7697.38,6936.71,-4.54,34242315785,131791783672
2019-11-23,-0.03560606060606061,0.22575757575757574,0,1,7296.16,7397.8,7442.26,7151.42,1.39,21008924418,133636205957
2019-11-24,-0.11874999999999998,0.25625,0,1,7398.63,7047.92,7408.58,7029.29,-4.74,30433517289,127327398565
2019-11-25,0.053305785123966935,0.21101928374655649,0,1,7039.98,7146.13,7319.86,6617.17,1.51,42685231262,129112952930
2019-11-26,-0.015151515151515147,0.3490675990675991,0,1,7145.16,7218.37,7320.23,7098.57,1.02,21129505542,130429018720
2019-11-27,-0.043939393939393945,0.21325757575757573,0,1,7220.88,7531.66,7619.69,6974.17,4.3,23991412764,136102712894
2019-11-28,-0.022962962962962966,0.1275925925925926,0,0,7536.82,7463.11,7730.07,7454.12,-0.98,19050116751,134879411013
2019-11-29,-0.02218614718614719,0.2979437229437229,0,1,7466.73,7761.24,7781.18,7460.76,3.94,19709695456,140280108521
2019-11-30,-0.03818181818181818,0.27272727272727276,0,1,7764.06,7569.63,7836.1,7515.85,-2.5,17158194786,136829391049
2019-12-01,0.21863636363636366,0.6904545454545454,1,1,7571.62,7424.29,7571.62,7291.34,-1.95,18720708479,134215145410
2019-12-02,-0.033041958041958044,0.2167832167832168,0,1,7424.04,7321.99,7474.82,7233.4,-1.37,17082040706,132378982377
2019-12-03,0.06022222222222222,0.3058888888888889,0,1,7323.98,7320.15,7418.86,7229.36,-0.05,14797485769,132359942301
2019-12-04,-0.12,0.19,0,0,7320.13,7252.03,7539.78,7170.92,-0.93,21664240918,131143073943
2019-12-05,-0.018181818181818177,0.21893939393939396,0,1,7253.24,7448.31,7743.43,7232.68,2.69,18816085231,134706455048
2019-12-06,-0.0344988344988345,0.17987567987567987,0,0,7450.56,7547.0,7547.0,7392.18,1.29,18104466307,136504883935
2019-12-07,-0.07636363636363637,0.4254545454545455,0,1,7547.27,7556.24,7589.95,7525.71,0.12,15453520564,136686769529
2019-12-08,-0.2311868686868687,0.4302777777777777,-1,1,7551.34,7564.35,7634.61,7476.09,0.17,15409908086,136847419896
2019-12-09,-0.037,0.367,0,1,7561.8,7400.9,7618.09,7365.99,-2.13,17872021272,133904005787
2019-12-10,0.012689393939393934,0.2700378787878788,0,1,7397.13,7278.12,7424.02,7246.04,-1.61,18249031195,131696121855
2019-12-11,-0.024074074074074078,0.10185185185185187,0,0,7277.2,7217.43,7324.16,7195.53,-0.82,16350490689,130609895528
2019-12-12,-0.08895833333333333,0.30520833333333336,0,1,7216.74,7243.13,7266.64,7164.74,0.37,18927080224,131087151088
2019-12-13,0.0696969696969697,0.1962121212121212,0,0,7244.66,7269.68,7293.56,7227.12,0.35,17125736940,131581377758
2019-12-14,0.10029461279461278,0.29604377104377105,0,1,7268.9,7124.67,7308.84,7097.21,-1.98,17137029730,128970221233
2019-12-15,0.07180134680134681,0.22483164983164988,0,1,7124.24,7152.3,7181.08,6924.38,0.39,16881129804,129481424648
2019-12-16,0.0056267806267806305,0.07856125356125357,0,0,7153.66,6932.48,7171.17,6903.68,-3.09,20213265950,125515586952
2019-12-17,0.0113986013986014,0.07671328671328671,0,0,6931.32,6640.52,6964.07,6587.97,-4.2,22363804217,120234244809
2019-12-18,-0.14408670033670032,0.3506523569023568,0,1,6647.7,7276.8,7324.98,6540.05,9.46,31836522778,131754969804
2019-12-19,0.03125,0.15208333333333332,0,0,7277.59,7202.84,7346.6,7041.38,-1.03,25904604416,130445758713
2019-12-20,-0.043333333333333335,0.12833333333333333,0,0,7208.64,7218.82,7257.92,7086.12,0.14,22633815180,130752796980
2019-12-21,0.012121212121212125,0.3467532467532468,0,1,7220.59,7191.16,7223.23,7112.74,-0.41,19312552168,130267655889
2019-12-22,0.11302083333333333,0.2755208333333333,0,1,7191.19,7511.59,7518.03,7167.18,4.46,23134537956,136088022049
2019-12-23,0.03701298701298701,0.31861471861471863,0,1,7508.9,7355.63,7656.18,7326.19,-2.04,27831788041,133275709111
2019-12-24,0.08306878306878307,0.12804232804232804,0,0,7354.39,7322.53,7535.72,7269.53,-0.43,22991622105,132687583295
2019-12-25,0.075,0.07222222222222223,0,0,7325.76,7275.16,7357.02,7220.99,-0.69,21559505149,131840641292
2019-12-26,-0.013888888888888895,0.12222222222222223,0,0,7274.8,7238.97,7388.3,7200.39,-0.49,22787010034,131200030100
2019-12-27,0.042045454545454546,0.12556818181818183,0,0,7238.14,7290.09,7363.53,7189.93,0.72,22777360996,132139502950
2019-12-28,0.01003787878787878,0.29734848484848486,0,1,7289.03,7317.99,7399.04,7286.91,0.4,21365673026,132659059740
2019-12-29,0.08680555555555555,0.33611111111111114,0,1,7317.65,7422.65,7513.95,7279.87,1.43,22445257702,134570835775
2019-12-30,-0.004835390946502057,0.30606995884773663,0,1,7420.27,7293.0,7454.82,7276.31,-1.72,22874131672,132235128152
2019-12-31,-0.03766233766233767,0.16493506493506493,0,0,7294.44,7193.6,7335.29,7169.78,-1.38,21167946112,130446112598
