PC1,PC2,PC3,PC4,label
3.484325,1.008981,-1.454038,0.00235,1
3.614973,-0.933819,-0.57379,0.19529,1
3.624431,-0.74745,0.454131,0.149282,1
3.5654,-1.039998,-0.526947,0.212218,1
3.597683,-1.591979,-1.525019,0.316359,0
3.586777,-0.352786,-1.517291,0.184512,0
3.566805,0.020981,-2.581282,0.16849,1
3.749192,-0.950893,1.931206,0.128375,1
3.653524,-0.129029,-0.017147,0.119533,0
3.691124,-0.141868,1.293884,0.082533,1
3.750126,-1.511904,-1.016325,0.319423,0
3.770373,-1.006835,-0.071884,0.239753,1
3.550706,2.088092,-0.232996,-0.129899,1
3.713855,-1.305914,-1.931867,0.283144,0
3.772471,-1.116814,0.345954,0.204291,1
3.575216,1.139492,-1.186011,-0.011951,1
3.712208,-1.355438,-1.165467,0.289226,1
3.695942,-1.470271,-1.579328,0.314072,0
3.560482,0.745517,-1.199016,0.027142,1
3.740755,-1.209034,0.548333,0.204761,0
3.65741,-0.555726,-0.486518,0.159975,1
3.690493,-0.663664,0.617615,0.137685,1
3.624306,0.224418,0.111085,0.067831,0
3.648447,-0.274318,-0.476393,0.140513,0
3.498501,1.566642,-1.366391,-0.06595,1
3.698518,-0.751807,0.394849,0.16977,1
3.623653,0.092379,-0.150063,0.088339,1
3.608888,0.566863,0.382438,0.014594,1
3.766605,-0.992888,2.59204,0.098849,0
3.692262,-1.271203,-0.78733,0.250873,1
3.621692,-0.531707,-0.915747,0.177706,1
3.584067,-0.181021,-0.780969,0.125807,1
3.441062,1.606675,-1.080927,-0.094388,1
3.634663,-1.215323,-0.414628,0.226186,1
3.502527,1.658514,1.555751,-0.150823,1
3.387741,2.112533,-1.365635,-0.13245,0
3.636231,-1.134298,0.006421,0.194461,1
3.654486,-1.497226,0.328763,0.215017,1
3.514511,0.251361,-0.464373,0.052445,1
3.365031,2.80344,-0.664058,-0.199333,0
3.687638,-0.873825,1.376528,0.139234,0
3.73744,-1.017962,3.229234,0.067535,1
3.642877,-1.593852,-1.368834,0.270236,0
3.601261,-1.147274,-2.144011,0.26461,0
3.488708,1.326305,-0.255736,-0.072331,1
3.660724,-0.515791,1.555824,0.088528,1
3.713864,-1.497061,1.795722,0.165338,1
3.636687,-0.558514,1.361395,0.097121,1
3.671863,-1.163307,1.732043,0.123368,1
3.665742,-1.751145,0.167619,0.229488,0
3.437754,1.134152,-0.958005,-0.057981,1
3.567752,-1.258099,-1.231642,0.2421,1
3.575519,-0.741026,0.416175,0.131837,1
3.453437,-0.556392,-2.450541,0.173637,1
3.467167,-0.187357,-0.6242,0.092979,1
3.51617,-0.507579,-0.237554,0.106701,0
3.506808,-0.631334,-0.791468,0.133612,1
3.547395,-0.959427,0.206026,0.14882,1
3.549252,-1.568886,-0.821449,0.244173,0
3.49074,-0.778536,-0.610944,0.15605,1
3.260254,2.20524,-0.906069,-0.179478,1
3.552953,-1.893405,0.666924,0.214499,1
3.470866,0.900951,3.378235,-0.146893,0
3.272432,1.118167,-2.812012,-0.019503,1
3.343938,0.75188,-0.794553,-0.046788,1
3.509113,-1.232493,-0.161961,0.188844,0
3.518396,-0.556027,0.381291,0.120078,0
3.584769,-1.491113,0.509672,0.193069,1
3.522855,-0.642399,-0.020127,0.167587,0
3.532348,-0.006324,1.528362,0.023971,1
3.49376,-0.250984,0.72475,0.050291,1
3.372147,0.212649,-1.709653,0.069179,1
3.480661,-0.602472,0.031321,0.119173,1
3.436669,-0.239221,-0.377897,0.090168,1
3.552424,-1.036688,1.465725,0.150717,0
3.60095,-1.65178,0.353345,0.263309,0
3.371184,2.68258,-0.418936,-0.17382,0
3.713578,-1.071263,2.973913,0.108583,1
3.567917,0.156001,0.815375,0.056133,1
3.541441,-0.817355,-1.143108,0.205277,1
3.563215,0.115391,1.117289,0.053825,0
3.559351,-0.111338,-0.16347,0.104678,0
3.453881,2.402126,0.832146,-0.191311,0
3.69007,-1.698897,-0.632255,0.301697,1
3.374503,3.250636,-0.51388,-0.238212,0
3.551504,0.128783,-0.288188,0.091422,1
3.472372,1.459609,0.613945,-0.101914,1
3.612706,-0.522221,0.788531,0.123166,0
3.602486,-0.534755,0.280179,0.149923,0
3.411367,1.10154,-1.824703,-0.00042,1
3.60904,0.134339,3.024501,-0.035252,1
3.504041,0.426508,0.487275,0.03415,1
3.607819,-0.627231,2.599989,0.082564,1
3.495603,-0.401556,-0.739758,0.142007,0
3.53359,-0.877418,-0.806601,0.204102,0
3.51918,-0.810719,-0.380725,0.189272,1
3.522591,0.175571,2.009698,-0.003317,0
3.390799,1.028114,-0.572193,-0.054717,1
3.31241,2.431322,0.029545,-0.223236,1
3.513243,-0.416738,0.506449,0.0933,0
3.499828,-0.994758,-0.923603,0.191175,1
3.511298,-0.895242,-0.188957,0.166686,0
3.521602,-0.253159,1.146998,0.070872,0
3.525278,-0.384185,0.738407,0.086975,0
3.516212,-0.578329,0.116251,0.108776,1
3.533035,-0.649366,0.681907,0.095008,1
3.538539,-0.663529,0.946676,0.106323,1
3.378297,0.09348,-2.261904,0.087902,1
3.360589,0.531444,-1.805168,0.029186,0
3.507703,-0.844805,0.316426,0.140857,1
3.594539,-1.879422,1.316282,0.192073,0
3.279728,2.041863,-1.052208,-0.158176,1
3.282626,2.831168,0.545597,-0.283334,0
3.468556,-0.626513,-0.41093,0.129069,1
3.438047,-0.508175,-0.656349,0.119166,1
3.489835,-0.976798,0.569617,0.137924,1
3.467115,-0.382922,1.679749,0.052656,1
3.286781,0.47166,-2.007567,0.035631,0
3.454308,-1.751162,-1.237831,0.262014,1
3.50364,0.374727,5.389413,-0.160938,1
3.39121,-1.324641,-0.827599,0.231009,1
3.412785,-1.645486,0.136571,0.195524,1
3.357395,-1.525253,-0.810733,0.219541,1
3.317135,-1.112371,0.175513,0.172518,1
3.331655,-1.919832,-0.381832,0.259297,1
3.087728,1.609644,-1.244204,-0.13336,1
3.236365,0.448466,2.055,-0.048099,1
3.067532,1.167024,0.046126,-0.081521,1
3.178204,-0.893356,0.740284,0.113269,1
3.175237,-0.988752,0.43178,0.107588,1
3.150176,-0.953856,0.644241,0.077952,1
3.123234,-0.732113,-0.949936,0.104585,0
3.169285,-0.57217,0.652662,0.02631,1
3.175918,-0.821738,1.248391,0.008619,1
3.145745,-0.589445,-0.055321,0.067526,0
3.15124,0.30968,1.713432,-0.048137,0
3.105961,-0.204913,0.123951,0.0553,1
3.105209,-0.548242,0.862209,0.034071,1
2.908589,1.802652,1.551524,-0.251425,1
2.97693,-1.218667,-1.097329,0.126996,1
2.8202,0.876156,-1.172994,-0.102792,0
2.92574,-1.494251,-0.558218,0.215767,1
2.860532,-1.254573,-0.209058,0.108137,1
2.560108,0.858341,-2.197202,-0.102039,1
2.705211,-0.735784,-0.30273,0.119214,0
2.872996,-1.310259,0.683485,0.110466,0
2.929874,-0.822227,-0.402559,0.116506,0
2.944332,-0.654898,1.180451,-0.003526,1
2.88403,-1.042159,-0.19213,0.046503,1
2.878987,-0.867589,0.085774,0.075384,0
2.837381,-0.56565,0.128168,0.047709,1
2.6455,-0.232378,-2.733137,0.048825,1
2.73822,-1.113511,-0.363435,0.05909,1
2.449394,3.680929,1.635247,-0.521411,1
2.66614,0.293044,1.788718,-0.164986,0
2.707751,-1.311524,1.875595,-0.028234,1
2.524853,-1.338027,0.316692,0.058445,1
2.570185,-1.048096,1.183491,-0.04369,0
2.527512,-0.561758,0.050602,-0.066691,1
2.531051,-0.763001,1.28872,-0.095554,1
2.484461,-1.825624,-0.776597,0.114368,1
2.328894,-0.720207,-2.748701,0.011451,1
2.489108,-0.485285,-0.053296,0.041068,0
2.392757,0.793676,-1.843626,-0.146885,1
2.607641,-0.72346,-0.824293,0.039466,0
2.6512,-0.142784,-0.803634,0.023876,0
2.521583,1.381187,-1.319987,-0.239375,1
2.689434,-1.641795,0.299651,0.073291,1
2.59064,0.589406,1.165211,-0.220885,0
2.708708,-1.558981,0.858653,0.041754,1
2.608995,-1.606263,-0.567805,0.119996,1
2.427028,0.856056,-0.869341,-0.186996,0
2.566476,-0.633498,-0.323288,-0.055733,1
2.590994,-0.890687,0.720313,-0.081904,1
2.651362,-1.865446,-0.700608,0.062851,0
2.605754,0.296642,1.256717,-0.180629,0
2.672801,0.106802,1.514697,-0.097525,0
2.635244,-0.285529,-0.960235,-0.00982,1
2.597274,-0.088517,-0.720479,-0.080594,1
2.593526,-0.012095,-1.085749,-0.096764,0
2.566817,1.675412,0.906867,-0.354814,0
2.761572,-1.581874,-0.700415,0.05805,0
2.499949,2.681778,-0.110076,-0.422958,1
2.600961,0.107523,-0.674463,-0.12528,1
2.40379,2.456848,-1.21028,-0.376036,1
2.446291,1.771968,-1.067399,-0.326815,0
2.631958,-0.628105,-0.153216,-0.07905,1
2.623796,-0.762289,-0.50573,-0.03909,0
2.646868,-0.061063,0.406406,-0.156347,1
2.809806,-1.427033,3.281946,-0.139675,0
2.745885,-0.242007,1.126354,-0.088254,0
2.74739,0.569922,1.600362,-0.149428,0
2.754249,-0.73347,-0.904588,0.036138,1
2.770836,-0.812689,-0.457959,-0.00156,0
2.851573,-0.559935,0.734771,-0.036541,0
2.687916,2.978752,-0.782305,-0.348004,0
2.987461,1.736305,3.887291,-0.284627,0
2.917494,-0.002788,0.991281,-0.038303,1
2.683388,0.265081,-2.223061,-0.011955,1
2.820192,-0.639932,0.470562,0.006019,0
2.506435,1.156675,0.976803,-0.180341,1
2.572836,-1.148789,-0.119053,0.019038,0
2.478217,0.288186,0.241507,-0.185591,1
2.474949,1.59422,2.656071,-0.402846,0
2.656945,-1.877698,1.242849,-0.025573,1
2.644862,-1.445468,-0.251135,0.064751,0
2.496113,1.998675,0.018745,-0.372279,0
2.697403,-1.884312,-0.14144,0.042597,1
2.513855,-0.805028,-0.545343,-0.019016,1
2.395563,0.918851,-1.657758,-0.239527,0
2.360243,2.206527,-0.659064,-0.411574,1
2.555856,-1.368831,0.353359,-0.05063,1
2.343349,0.991275,-1.924781,-0.225891,0
2.558288,-1.448214,-1.813734,0.065145,0
2.578506,-1.801552,-1.121376,0.043965,1
2.422622,0.067201,-0.500565,-0.170465,1
2.313138,-1.740431,-1.785608,0.090731,1
2.198394,-0.453861,-1.241094,-0.164723,0
1.996531,1.548566,-1.571937,-0.372643,1
2.170654,-1.541821,-0.304547,-0.037699,1
2.204923,-1.453502,-0.324096,-0.060231,0
2.171485,-1.239279,-0.559777,-0.073546,1
2.09323,-1.629091,-0.070695,-0.036971,1
1.882607,-0.258498,0.970314,-0.231384,1
1.680088,-0.835644,-1.566978,-0.073049,1
1.609155,-0.502215,-0.256039,-0.218404,1
1.417884,1.811701,-0.569489,-0.432967,0
1.5675,-0.632575,-0.846024,-0.221804,1
1.567114,-0.852131,0.836745,-0.239401,0
1.654552,-1.235709,0.27034,-0.122559,0
1.636242,-0.291005,0.53776,-0.220228,1
1.781262,-2.002837,0.816627,-0.140311,0
1.765632,-1.194637,0.625129,-0.122072,0
1.612773,0.256268,-1.306936,-0.143947,1
1.719784,-1.594312,0.025807,-0.122006,1
1.654821,-1.667814,-0.249598,-0.156159,1
1.588272,-1.854058,-1.025957,-0.159833,1
1.460892,-0.274541,-2.443325,-0.324388,0
1.459011,-0.129899,-1.72452,-0.357002,1
1.568195,-0.635927,0.775872,-0.308541,0
1.342845,-0.086126,-1.919042,-0.298926,1
1.430848,-1.128106,-0.727765,-0.256262,0
1.401183,-1.375252,-0.418649,-0.253543,1
1.299798,-1.287064,0.285789,-0.257674,1
1.176147,0.767081,-1.469095,-0.423986,0
1.291563,0.670069,-1.083872,-0.462889,0
1.320726,1.403279,-2.014273,-0.399709,0
1.369012,2.481301,0.17343,-0.584781,1
1.441472,-0.918136,-0.693611,-0.247771,1
1.443062,-0.931205,0.619733,-0.329435,1
1.498655,0.131511,0.754389,-0.3222,0
1.45493,1.295747,-1.98576,-0.488762,0
1.493012,1.470277,-1.782209,-0.478203,0
1.685356,-0.729602,0.203283,-0.281265,1
1.480126,1.726042,-0.545234,-0.54702,0
1.57648,1.555942,-1.643413,-0.426115,0
2.066684,0.26323,1.651739,-0.19458,0
2.058498,-1.09307,-0.870241,0.157575,1
1.995602,-0.852722,0.054976,-0.160526,0
1.96849,-0.424442,-1.647308,-0.206072,0
1.846622,-0.66952,0.2762,-0.202078,1
1.685895,0.070818,-1.554409,-0.313917,0
1.842954,-0.660323,0.578738,-0.292915,0
1.954753,-0.56657,0.916029,-0.258885,0
1.790214,2.443324,-0.071431,-0.5933,1
1.943576,-0.713478,-0.396431,-0.255975,1
2.021249,-0.916864,1.781758,-0.319892,0
1.932072,-1.330966,0.504236,-0.194421,1
1.85776,-1.349298,-0.796423,-0.193875,0
1.734569,-1.287602,-0.92301,-0.163575,1
1.486246,1.318251,-1.002929,-0.506583,0
1.710064,-0.844304,0.484526,-0.297333,0
1.35332,3.616373,0.391251,-0.819763,1
1.610524,-0.796264,1.616535,-0.400682,1
1.331951,1.286334,-1.917012,-0.543253,1
1.62918,-1.331126,0.791785,-0.307803,0
1.588784,-0.670154,-0.983075,-0.326062,0
1.540169,-0.424349,-1.651768,-0.345722,1
1.635824,-1.105685,1.617974,-0.379465,1
1.528894,-0.30241,0.130847,-0.425854,1
1.456028,-1.153114,-0.79142,-0.315483,1
1.34086,-0.94421,-0.010656,-0.320892,1
1.292052,-0.957602,-0.275527,-0.358252,1
1.301219,-1.282033,-0.79945,-0.347044,1
1.056595,-1.360506,-0.025925,-0.287917,1
0.773962,-0.968937,0.414529,-0.342143,1
0.590188,0.22144,-1.925818,-0.626195,1
0.531297,1.630378,-1.45996,-0.761426,0
0.736294,-0.969913,-0.575389,-0.47103,1
0.858963,-1.368395,1.869227,-0.531479,0
0.761988,-0.104748,-0.997732,-0.516416,0
0.630109,0.857263,-0.838852,-0.712212,1
0.65352,-1.548394,-0.3129,-0.427281,1
0.587576,-1.393304,1.167641,-0.54528,1
0.56716,-1.182421,-0.588431,-0.511946,0
0.566579,-0.191626,0.688523,-0.597628,0
0.734858,-0.935552,0.015748,-0.42881,0
0.770239,-0.382377,0.654855,-0.562143,1
0.661652,-0.832919,0.417612,-0.553271,1
0.552047,0.706514,-0.230321,-0.742756,0
0.530807,1.574681,-0.59728,-0.849149,0
0.458292,1.545238,2.738171,-0.822023,1
0.332072,0.454235,-2.052383,-0.726264,1
0.368371,-1.362675,-0.484415,-0.522254,1
0.146075,-0.688333,0.004019,-0.611587,1
-0.165907,-0.064922,0.363694,-0.603331,1
-0.186744,-1.409971,-0.65186,-0.576484,1
-0.189284,-1.787249,-0.192776,-0.663159,1
-0.31956,-1.460875,-1.06909,-0.703041,1
-0.17111,-1.240482,-0.216197,-0.630709,0
-0.114877,-1.584139,-1.030547,-0.628344,1
-0.334021,-0.696211,0.987778,-0.619362,1
-0.433518,2.120119,0.163378,-1.04615,0
-0.020717,-0.533651,1.025112,-0.485803,0
-0.001776,1.634832,-0.814298,-0.663148,0
0.253569,-0.056469,-0.882639,-0.02451,0
0.25773,-0.935808,0.419315,-0.236081,1
0.175742,-0.931609,0.605773,-0.572931,1
-0.163945,-0.650251,-0.571215,-0.551687,1
-0.573374,-0.646158,-1.331658,-0.564966,1
-0.579253,-1.525427,-1.210283,-0.537967,0
-0.442899,-1.96335,0.988318,-0.658437,1
-0.602708,-1.059188,1.090408,-0.830476,1
-0.746682,-1.660741,-0.37731,-0.724509,1
-0.931448,1.038691,-0.907583,-0.958081,0
-0.861044,-0.67229,-0.926191,-0.819353,1
-0.792155,-0.833958,0.098095,-0.756392,0
-0.982762,0.371764,-1.548641,-0.813673,1
-0.977272,-1.848996,0.871129,-0.753958,1
-1.420591,-1.454963,-0.353867,-0.752523,1
-1.730083,-1.521677,-0.921793,-0.795108,1
-1.901833,-1.998789,-0.267005,-0.768947,1
-2.219342,-1.07413,0.137009,-0.442506,0
-2.163217,-0.229668,-1.222235,-0.795739,1
-2.414459,-0.161765,-0.817944,-1.018425,1
-2.492715,-2.17697,1.451046,-1.144391,1
-2.848159,-0.569471,-1.655293,-1.114891,1
-2.849184,-1.353216,-0.176064,-1.123615,1
-3.08202,-1.037802,0.711843,-1.181549,1
-4.187222,-1.202802,-0.918625,-0.865513,1
-6.100778,-1.517644,0.59572,-0.93609,1
-6.362348,-1.828895,0.846092,-0.716611,0
-5.364405,-2.427061,1.504398,-1.127055,0
-5.231182,0.098632,1.796807,-1.338811,1
-5.960456,-2.447328,-0.440736,-1.365433,1
-6.523771,-2.065672,-0.392148,-1.328514,1
-6.403805,0.467467,-0.607674,-1.710427,0
-6.105307,-2.08845,-0.561422,-1.278276,1
-6.644938,-0.688862,0.836231,-1.553396,1
-7.590686,-0.629884,-2.799406,-1.874683,1
-7.716935,-2.661152,1.336651,-1.861687,0
-7.669674,-1.457958,-0.685946,-1.699389,1
-7.163987,-2.098349,0.684041,-1.349556,0
-6.788406,0.717409,-0.662093,-0.950195,0
-6.091156,0.403256,1.091391,-1.309275,0
-4.920143,-1.768979,0.306184,-0.167342,0
-5.0881,1.923093,0.787521,-1.460718,1
-4.303699,-1.47746,7.075573,-1.346607,0
-5.359588,-0.92178,1.915289,-1.287985,1
-5.708526,-1.283516,1.529624,-1.439183,0
-5.192907,-0.677594,-0.364434,-1.286108,0
-5.076042,-0.516369,-0.64465,-1.186901,0
-4.2944,-1.195403,1.006156,-0.829249,0
-4.388491,-1.184655,-1.428209,-0.966676,1
-4.386313,-1.915731,-2.783668,-1.056292,0
-5.026036,-0.508296,-1.444915,-0.769549,1
-5.372951,-1.318688,0.040283,-0.839668,1
-5.778182,0.984409,-0.260057,-0.705073,1
-6.51495,-1.021999,-1.344473,-0.480287,1
-6.69181,-1.91726,1.72071,-1.128205,1
-6.583803,1.242681,-1.983023,-1.470054,0
-5.568622,-2.119155,0.290174,-0.704489,0
-5.099755,-2.32737,0.776639,-0.741711,0
-5.308441,1.518748,-0.703358,-0.912357,1
-4.600599,-1.869783,0.523362,-0.630506,0
-4.467771,-0.77841,-1.149534,-1.052083,1
-4.867561,-0.502069,-3.056722,-1.071829,1
-4.317539,-2.369119,3.881573,-1.198198,0
-4.619893,-0.431872,-1.816826,-1.057841,1
-3.657648,-0.751331,-0.595831,-0.179738,0
-2.937803,-0.801113,-0.870546,0.069447,0
-3.009487,-1.598873,1.488556,-0.356561,1
-3.078664,-0.471463,0.153436,-0.835047,1
-3.531207,-2.033615,0.821542,-0.784738,1
-3.442927,0.294329,-1.003928,-1.073987,0
-2.76046,-1.602114,-0.471255,-0.639021,0
-2.542669,-1.882167,-0.617482,-0.629568,0
-2.782236,-0.974733,-0.057252,-0.7668,1
-2.786939,-1.83798,1.481493,-0.877756,0
-2.910952,0.658206,-0.897825,-0.977366,0
-2.936808,-0.381838,-2.138549,-1.045455,1
-3.066421,-1.070625,0.528525,-1.042856,1
-3.013229,0.085152,-0.985728,-1.209185,0
-2.517052,0.672444,-0.264311,-0.99649,0
-2.283953,1.092693,-0.791358,-0.998454,1
-1.980657,0.929386,-1.733522,-0.676158,0
-1.560888,1.335096,-0.373201,-0.361641,0
-1.376505,0.875975,4.5502,-0.960083,1
-1.160149,-1.78531,-1.238801,-0.483294,0
-0.50918,-1.054228,0.194276,-0.164128,0
-0.556417,-0.954297,-0.617353,0.31977,1
-0.678593,-0.794152,0.854492,-0.266088,0
-0.880468,-1.039753,0.362442,-0.265929,1
-1.019914,-1.249152,1.226681,-0.578732,1
-1.26229,0.215476,1.270785,-0.689454,0
-0.915537,-0.368903,2.364986,-0.748106,0
-1.194019,-1.109069,-1.781033,-0.580818,1
-1.166785,-1.294289,0.040591,-0.6804,0
-1.45518,-1.07361,1.626312,-0.627043,1
-2.018061,-0.479817,0.15931,-0.669397,1
-2.103166,0.074765,2.319839,-0.997436,1
-2.379394,-2.225857,1.875185,-0.76835,1
-2.428062,-2.135373,1.304468,-0.770476,0
-2.587713,-1.368474,-0.207526,-0.892643,1
-2.91515,-2.064127,-0.573551,-0.70422,1
-2.652294,-1.315847,-1.179404,-0.723954,0
-2.191919,-1.784744,-0.189108,-0.714874,0
-2.262104,0.99958,-0.296667,-1.023351,1
-1.903599,-2.11207,1.697073,-0.81121,0
-1.92025,1.107404,0.069895,-1.127209,0
-2.058295,-0.572366,0.867719,-0.873228,1
-2.298943,-1.268102,1.885838,-0.972075,1
-2.51809,0.915457,-0.66077,-1.167345,0
-2.483593,-0.714394,-0.030252,-0.959953,1
-2.638193,-1.663358,-0.781949,-0.866779,1
-2.945299,-0.184067,-2.887229,-1.117136,1
-2.842269,-0.651779,1.511621,-1.274165,1
-2.923699,-1.832762,-0.909023,-1.049395,1
-2.64925,-1.115172,-0.378544,-1.021604,0
-0.679367,-1.793174,4.104576,-0.619981,1
-1.033369,-1.391475,-3.625616,-0.381597,1
-1.159324,-1.790612,0.520355,-0.416002,1
-1.514808,0.671485,-2.457914,-0.688707,1
-1.187749,-1.765307,3.365013,-0.737256,0
-1.419489,-1.429874,-3.617586,-0.507873,1
-1.829295,-1.430023,-3.598792,-0.259017,1
-1.855445,2.509174,-0.027447,-0.711736,0
-1.515812,-1.388909,-0.842977,-0.429391,1
-1.524934,-1.271665,-1.295969,-0.570886,0
-1.725123,0.803083,-1.949988,-0.768671,1
-1.867825,1.838647,0.271283,-0.884744,1
-1.726719,-1.440724,-3.606301,-0.429661,0
-1.637623,1.352691,0.758815,-0.902644,0
-1.548444,-0.060236,1.410071,-0.778506,1
-1.945228,0.423203,-0.946946,-0.600291,1
-1.888295,-0.928383,-0.607558,-0.662419,1
-2.059605,0.299853,-1.682699,-0.846702,1
-2.155938,3.826221,-0.153261,-1.26676,0
-1.859538,0.384718,-2.261715,-0.808292,0
-1.764526,0.625808,-1.942836,-0.814303,0
-1.560994,-1.207558,-0.075879,-0.649746,1
-1.547178,-0.324516,0.2819,-0.774927,0
-1.22758,-1.438804,-0.068806,-0.41563,0
-0.969927,-1.907475,2.342449,-0.587089,1
-1.113424,-2.039867,-0.696557,-0.571705,1
-1.06363,-2.21296,3.322501,-0.56714,1
-1.238081,-0.47409,-1.342526,-0.637509,0
-1.099987,-0.480095,-1.04304,-0.608618,0
-0.922611,-0.892792,-0.449627,-0.615569,0
-0.779132,-1.000881,3.389301,-0.725221,1
-0.955139,-1.272388,-2.283906,-0.642157,0
-1.139324,1.478567,0.871568,-1.013305,1
-1.097043,-0.089385,-0.024062,-0.83679,0
-0.826534,-1.029893,1.406954,-0.718095,0
-0.785381,1.299929,-0.002036,-0.7448,0
-0.721031,2.980321,1.471819,-0.952585,1
-0.674067,2.27099,-0.242491,-0.937166,0
-0.311618,-2.037924,0.272863,-0.553521,0
-0.325879,-0.549264,1.215169,-0.706152,1
-0.31672,-0.583816,-0.220487,-0.544217,0
-0.436543,0.37259,0.576608,-0.638933,1
-0.289645,-0.868846,4.49609,-0.723475,0
-0.370526,-1.080783,2.07889,-0.601167,1
-0.615261,1.754213,0.734258,-0.906896,1
-0.524036,-1.626943,-1.623238,-0.495794,1
-0.479236,-2.079682,0.636968,-0.534594,1
-0.528014,-0.479279,0.409443,-0.650993,0
-0.692319,2.418197,0.441855,-0.971635,1
-0.659441,1.030564,-0.291483,-0.846462,1
-0.588447,-0.852081,-1.130709,-0.627863,1
-0.553155,-0.394031,-0.040025,-0.723617,0
-0.542726,0.834133,1.45924,-0.922255,0
-0.326895,0.173173,-1.729339,-0.507071,0
-0.110129,0.208373,0.401962,-0.61321,1
-0.161088,2.231249,0.127575,-0.823421,0
0.202873,-1.766751,-1.35222,-0.246711,0
-0.058554,1.208775,-1.407984,-0.595656,1
0.15246,-0.528882,0.583826,-0.542813,0
0.234701,-1.419093,0.337339,-0.519703,1
0.040817,2.267586,1.888615,-0.965336,0
-0.025544,0.607165,-0.664707,-0.660353,1
0.049801,-0.636719,1.644633,-0.595669,1
-0.027794,-0.792756,-1.685988,-0.504971,1
0.080295,-1.618005,-0.020112,-0.498092,0
0.035772,2.681261,0.359291,-0.766798,0
0.39576,-0.277146,0.852459,-0.565434,1
0.254538,1.315515,-0.176183,-0.599905,1
0.05033,3.09992,-0.159867,-0.722977,1
0.351523,-0.612375,-1.041999,-0.495506,0
0.439063,-0.394903,1.451828,-0.559951,1
0.322312,1.945851,0.406002,-0.783888,0
0.278508,0.896414,-1.226783,-0.584652,1
0.165952,2.028338,3.032282,-0.80189,1
0.130275,-0.299883,-1.982844,-0.411443,0
0.171447,-1.112869,0.034684,-0.426392,1
0.146536,-0.82556,0.828809,-0.463683,0
0.106191,-0.84198,-0.168699,-0.492611,1
-0.148514,2.073265,-0.890892,-0.726184,1
0.036593,-0.727754,-1.143023,-0.46965,1
-0.147283,1.426072,-0.536493,-0.77687,1
-0.192352,1.877447,-0.7855,-0.870952,0
0.093835,-1.462058,1.298013,-0.543621,0
0.205978,-0.986043,0.699701,-0.485545,0
0.236744,-0.752753,-0.526669,-0.489539,1
0.33098,-0.964643,0.32686,-0.473347,0
0.136652,2.790963,1.132613,-0.890688,1
0.388768,-0.320538,2.640559,-0.680713,1
0.187977,-0.19888,-2.149864,-0.545797,1
0.130284,-0.867563,0.931046,-0.462036,1
-0.219468,-1.423354,-0.661802,-0.337947,1
-0.391922,-1.24127,-0.055719,-0.414394,1
-0.453855,-0.63361,-0.713927,-0.566335,1
-0.332427,-1.443116,1.534074,-0.563334,0
-0.349458,-1.408366,-0.965458,-0.590388,1
-0.186542,-2.097056,4.790716,-0.742887,1
-0.554008,-1.070675,-1.283426,-0.53121,1
-0.962927,0.576397,1.301047,-0.678562,1
-0.946506,-0.613339,0.308178,-0.670186,0
-0.733157,-0.881217,2.085455,-0.748963,0
-1.050573,1.727364,-2.276016,-0.886377,1
-0.952176,-0.261954,-2.048148,-0.816458,1
-1.071124,2.087301,-0.25686,-1.112023,1
-0.851221,-0.832885,0.784179,-0.673773,0
-0.926465,2.700609,1.084354,-1.06305,0
-0.471756,-1.147258,2.335148,-0.67458,0
-0.52248,-0.548323,0.106755,-0.71094,0
-0.379037,-1.80128,-0.213136,-0.501267,0
-0.376012,-0.102295,-2.236147,-0.626877,0
-0.164136,-1.683213,-2.130116,-0.480763,1
-0.253433,0.513859,-0.99028,-0.723255,0
-0.201108,2.036892,2.004587,-0.88137,0
-0.040694,2.377899,0.086393,-0.756175,0
0.184765,-0.166179,1.280823,-0.557417,1
0.262672,-0.336226,1.120862,-0.497354,0
0.322083,-1.573768,-0.980856,-0.362035,1
0.204273,-0.549367,-0.519347,-0.328464,1
0.166257,0.249397,-0.974934,-0.554735,0
0.331102,-0.963611,-0.083928,-0.303272,0
0.225525,0.95047,2.910207,-0.646075,1
0.118868,0.572269,-1.637041,-0.544272,1
0.158064,-1.201915,-0.627115,-0.346368,1
-0.068197,4.360577,2.61121,-1.118222,0
0.132008,1.35358,2.120988,-0.841528,1
-0.04223,3.583205,-0.392093,-0.957218,0
0.196615,0.105636,0.722368,-0.662202,1
0.136476,-0.861133,-1.162646,-0.394124,0
-0.110207,3.675511,-1.101483,-0.973332,1
0.030742,0.015602,0.210455,-0.611416,1
-0.201695,1.865834,-2.247687,-0.830093,1
0.118894,-1.768159,0.374832,-0.533969,0
-0.182162,1.216482,-0.945834,-0.752385,1
-0.226749,0.12567,-0.177056,-0.616399,1
-0.148602,-1.483025,-0.558301,-0.493036,0
-0.334956,2.634923,0.639101,-0.919148,0
-0.208482,-0.383199,-0.797445,-0.576698,1
-0.240316,-1.438097,-1.488934,-0.519509,1
-0.251478,-1.256201,0.357504,-0.558762,1
-0.471716,0.514759,-2.821483,-0.697939,0
-0.328904,-1.183514,-0.213048,-0.577509,1
-0.160085,-0.997315,0.964567,-0.437869,0
-0.07921,1.163384,-0.651863,-0.585757,0
0.115511,0.010828,-0.052591,-0.557325,0
0.286283,-1.735072,-1.503983,-0.352098,0
0.319621,-1.795037,-1.3531,-0.355446,1
0.254707,-1.06692,-1.367034,-0.426709,1
0.308483,-1.592883,-0.491804,-0.386501,0
0.125162,0.552252,-1.856668,-0.559928,1
0.126763,-0.737088,-1.81359,-0.433997,1
0.141726,-0.186371,0.999683,-0.5876,0
0.154484,-1.615849,-2.032045,-0.442497,1
0.06306,0.093656,-1.764063,-0.622706,0
0.259649,-0.47969,1.224014,-0.55151,0
0.137935,1.243364,0.233479,-0.677474,1
0.229706,-0.915264,-0.495826,-0.402558,1
-0.113268,3.294034,-1.011768,-0.86052,1
0.029006,-1.620581,-0.907465,-0.180515,1
-0.175468,0.983371,-2.619521,-0.614603,0
0.061161,-1.856454,-0.952892,-0.392037,0
-0.092985,0.868584,-2.010097,-0.642424,0
0.113685,-0.420214,-0.343731,-0.460703,0
0.057829,-0.195604,-2.059378,-0.479611,1
0.076684,-1.667402,-2.000607,-0.322866,1
-0.119035,0.952415,-1.220887,-0.610751,0
-0.082006,1.924706,0.060462,-0.791839,0
-0.121405,2.174277,-0.92156,-0.812782,1
0.073833,-0.467609,-0.230138,-0.545444,0
0.0185,1.132767,0.657926,-0.733823,0
0.157304,0.007825,1.733958,-0.639185,0
0.100989,-0.589198,-0.699156,-0.528762,1
0.01875,-0.465755,-2.293606,-0.527427,1
0.162124,-0.598683,2.007925,-0.674885,0
-0.035467,1.189624,-1.028681,-0.762972,1
-0.136638,2.622909,-0.029154,-0.898717,1
0.100165,-1.415671,-0.860275,-0.472105,0
0.029584,-0.010378,-0.916459,-0.599778,0
-0.07233,3.025652,-1.166878,-0.744946,0
0.057761,4.059777,1.869557,-1.04299,1
0.303844,-0.295442,0.645442,-0.621414,1
0.11993,0.980399,-2.536553,-0.664588,1
-0.08553,1.41724,0.185645,-0.446822,1
-0.051734,1.74087,0.56972,-0.806493,0
0.162458,-1.14891,0.609928,-0.481285,0
0.096567,-0.77876,-2.123206,-0.455251,0
-0.025491,3.180675,1.254529,-0.999762,0
0.121921,0.144988,-0.271966,-0.650325,1
0.104921,-1.322827,-3.66024,-0.418365,0
0.015607,2.758131,2.199932,-0.963071,1
0.118794,-0.95487,-2.467378,-0.43951,1
0.196229,-1.900545,-1.809461,-0.383156,1
-0.104368,4.296539,0.582528,-1.107749,0
0.153304,-0.544949,-0.831301,-0.565638,1
0.110879,-1.320705,-3.659998,-0.402766,0
0.241674,-1.239098,1.021455,-0.535324,1
0.244822,-1.382676,-0.402104,-0.391294,0
0.072611,2.482549,0.610319,-0.872936,0
0.200025,-0.196711,-0.798462,-0.488528,0
0.21256,-1.653407,-2.57146,-0.339634,1
0.181518,0.465238,1.089371,-0.62155,1
0.36286,-1.958536,1.714899,-0.459376,0
0.187768,0.097479,0.286543,-0.539181,1
-0.000475,1.713325,-1.681158,-0.700904,1
0.249939,-0.968715,2.206063,-0.470335,1
-0.130072,3.623812,0.652885,-0.904418,1
0.145632,-0.598862,0.170282,-0.463325,0
0.164428,-0.075899,0.077213,-0.525235,0
0.11846,0.31061,-1.16422,-0.602764,1
0.050322,0.563202,-2.833202,-0.559169,0
0.229142,0.081301,2.160954,-0.598085,0
0.329364,-2.052278,0.966173,-0.341319,0
0.24853,1.896136,0.414087,-0.40794,0
0.347778,3.148897,-0.487023,-0.475661,0
0.553425,0.783208,-0.810138,-0.381635,0
0.772043,-0.941406,1.234049,-0.320545,0
0.647158,0.913206,1.760583,-0.550055,1
0.707127,1.917998,-0.504191,-0.279058,0
0.927817,3.877435,0.472718,-0.264703,0
1.215768,-0.522376,-2.301512,0.074916,1
1.195241,2.448971,0.607121,-0.461013,0
1.576102,-1.622418,2.247561,-0.016855,0
1.518348,1.538492,1.22108,-0.291804,0
1.513976,0.564997,-2.091337,0.133647,1
1.684659,-1.047413,-1.250743,0.262878,0
1.647822,1.243275,0.384463,-0.0544,1
1.5718,-0.795507,1.16339,0.209251,1
1.319223,1.752828,0.987428,-0.173101,1
1.340935,1.93236,-1.606289,-0.13682,0
1.468432,1.859829,2.484694,-0.29555,1
1.398447,3.050971,3.246281,-0.461609,0
1.65379,-0.341081,0.459015,-0.000301,0
1.759094,-1.056255,1.601655,0.042481,1
1.463583,3.504386,-0.696364,-0.328391,0
1.877621,-0.275799,1.812723,0.076267,0
1.982937,-1.17654,-0.102905,0.360681,0
1.82764,1.271807,-1.103862,-0.018405,1
1.889728,-1.301315,-2.123285,0.218987,1
1.779417,0.857776,-1.752998,-0.005186,0
1.839514,1.443091,-0.687702,-0.114353,0
1.947077,-0.913912,-2.314777,0.141495,1
2.111881,-1.861615,-0.345552,0.216344,0
1.945782,2.688664,1.497367,-0.305045,0
2.128639,1.485054,3.613799,-0.284802,0
2.186555,0.35936,4.030536,-0.19048,1
2.058167,-1.931929,-0.18295,0.309608,1
1.872616,0.166344,2.186603,0.046649,1
1.763881,-1.042767,-0.218591,0.28324,1
1.529783,-1.48752,-2.705074,0.55338,1
1.42622,2.017785,0.042464,-0.068562,0
1.637937,-0.596706,-0.576953,0.099442,1
1.678564,-0.973942,1.753947,0.105959,0
1.48411,-0.621049,-1.786232,0.260728,1
1.58975,0.894227,0.435197,-0.027895,0
1.711585,1.014539,2.541872,-0.151747,1
1.658137,0.520125,-2.686098,0.04676,0
1.542802,2.280177,-0.450226,-0.192292,1
1.771755,-1.252729,0.198855,0.107796,0
1.676906,0.75552,0.729733,-0.144719,1
1.600582,0.93124,-2.902132,-0.059776,0
1.847436,-1.310146,0.551653,0.057018,1
1.814053,-0.616866,3.938611,-0.054607,1
1.543864,1.795518,-1.287518,-0.229134,0
1.736756,-0.884408,-1.00866,0.098671,1
1.754172,-1.128021,-0.370184,0.135665,0
1.508784,2.905866,3.052793,-0.383965,1
1.695777,-1.552104,0.903763,0.109362,0
1.701633,-1.508481,1.103363,0.10468,1
1.44186,1.988611,-0.318519,-0.256804,1
1.485936,3.348122,1.058527,-0.237307,0
1.789242,-0.300954,-0.662847,0.124625,1
1.971918,-1.790803,1.806656,0.113201,0
1.845016,0.498852,0.446299,-0.061425,0
1.776837,0.688842,0.510723,-0.004535,1
1.867829,0.052323,2.276945,0.012245,0
1.830969,-0.299026,-0.050252,0.101201,1
1.723893,0.418542,-1.67846,0.056584,1
1.928032,-1.952516,-0.272869,0.235164,0
1.74492,0.645266,0.822578,0.001259,1
1.834795,0.758226,2.560929,-0.072915,0
1.713924,1.815047,-0.99341,-0.146292,0
1.678898,3.021666,0.688945,-0.285093,1
1.869129,-0.952272,-1.319631,0.221345,0
1.952359,-1.166939,1.016951,0.155777,1
1.897285,-1.036313,-0.536858,0.190623,0
1.95084,-1.155516,1.270307,0.120477,1
1.819793,1.235788,1.898846,-0.10146,0
1.890464,-0.548846,-0.163649,0.297225,0
1.92922,0.591867,1.459215,0.046615,0
1.74496,2.764646,0.512827,-0.178176,1
1.8478,1.284608,0.784703,-0.039502,0
1.828409,1.265813,-0.245602,-0.042935,1
1.69417,4.044962,1.321184,-0.407589,1
1.865177,1.051057,0.365607,-0.070894,0
2.046788,-1.887341,0.077325,0.279931,0
1.810914,1.885818,0.099793,-0.133909,1
1.874904,1.033168,0.00777,-0.009394,0
1.816309,2.437079,0.170854,-0.212855,0
1.729121,1.696345,1.244965,0.062665,1
1.799215,-0.516713,-0.375674,0.186339,0
1.867779,-0.636186,1.988589,0.146154,1
1.691786,0.975668,-0.687792,0.037673,0
1.682776,1.189137,-0.714135,0.03495,1
1.639178,1.980339,-0.6677,-0.05427,0
1.708677,0.69293,-1.460264,0.082351,0
1.718008,0.551306,-1.749146,0.102546,1
1.938817,-0.806651,2.774717,0.113699,1
1.786986,0.692881,2.3005,0.070254,1
1.675902,-0.920057,1.003565,0.515112,1
1.482159,0.04562,-0.82993,0.433022,1
1.601915,-1.437356,-0.51633,0.475438,1
1.57178,-0.651365,-0.71924,0.311619,0
1.580152,-0.975218,-0.871362,0.358965,1
1.531978,-1.685856,-0.776444,0.491652,1
1.399959,0.40085,-1.885318,0.491349,0
1.495522,1.114009,-0.345966,0.257476,1
1.537926,1.725277,1.235672,0.025176,0
1.63247,0.032821,0.693466,0.269879,0
1.587732,0.527978,0.624639,0.226335,1
1.38639,3.393514,-0.649806,-0.112684,1
1.512413,1.934751,0.349489,0.00172,1
1.646655,0.107565,0.593016,0.164412,0
1.744535,-1.543041,0.77774,0.500458,0
1.622975,-0.834614,-0.000428,0.558713,1
1.522153,0.549531,-0.017804,0.299157,1
1.630866,-1.408731,0.099352,0.542037,1
1.351076,1.698606,-1.773578,0.344612,0
1.488016,0.110956,0.20378,0.477669,1
1.323974,4.067837,2.460272,-0.115837,0
1.430292,0.177083,-2.44823,0.474582,0
1.450446,1.755546,0.849914,0.195094,1
1.596377,-0.39639,0.881272,0.408439,0
1.351223,2.570945,0.340035,0.165267,1
1.643779,-0.940891,2.181252,0.402753,1
1.488828,-0.453634,-0.07626,0.438971,1
1.548462,-0.358583,0.993465,0.243879,0
1.429534,-0.24562,-1.562558,0.440923,1
1.444704,0.436545,0.562315,0.281104,1
1.443094,-0.564934,-0.55811,0.493334,1
1.324953,0.879109,-1.225097,0.401883,0
1.499456,-0.57008,-0.415646,0.419048,0
1.547669,-0.619854,1.533549,0.391077,1
1.416369,1.375273,0.939305,0.142943,0
1.337346,1.513216,-1.137795,0.293766,0
1.551444,-0.443396,1.835009,0.477476,1
1.481002,-1.239917,-0.674073,0.641136,1
1.525288,0.127109,2.958262,0.24975,0
1.203963,2.224835,-1.698468,0.276958,1
1.412577,-0.531338,-0.624191,0.430027,1
1.470754,-0.333446,0.657218,0.315322,0
1.336858,0.886405,0.311958,0.295962,1
0.861619,-0.663332,0.197224,1.405506,1
0.617388,-1.886679,-0.666229,1.611612,1
0.56103,1.434627,-0.626995,0.82536,0
0.72309,-1.136277,-1.066611,1.001799,1
0.672583,-0.747081,-0.171269,0.918555,1
0.519655,1.040805,-0.087622,0.680923,1
0.355897,1.757988,-1.551955,0.667958,1
0.632954,-0.293116,0.62034,0.641596,0
0.516854,-0.37331,-1.335839,0.746392,1
0.409994,1.949586,-1.640621,0.610901,0
0.734219,-0.356971,-0.433962,0.599554,1
0.592659,2.789346,-0.289817,-0.01026,1
0.839645,-1.266296,-0.122746,0.370892,1
0.845997,-1.928603,-0.252474,0.622093,0
0.661575,1.061329,0.633826,0.20167,1
0.712331,-1.405978,-0.623291,0.571718,1
0.613596,-0.375654,-0.225417,0.513638,1
0.399919,2.404288,-0.741373,0.266177,1
0.35922,3.31623,-0.185723,0.106405,1
0.417581,2.64626,0.688419,0.202131,0
0.359983,1.192277,-2.627198,0.518472,1
0.38252,-1.320526,-2.939187,0.8791,1
0.427038,-0.812905,0.538192,0.850582,0
0.51744,-0.392302,-0.930778,0.715712,0
0.37993,0.885958,-2.674986,0.772785,1
0.3664,3.430131,-1.111833,0.147873,0
0.840237,-1.85721,4.429396,0.455898,1
0.599016,0.767037,1.723187,0.383269,0
0.675061,-1.947346,-0.423181,0.738406,1
0.44972,0.305045,-1.739911,0.492882,1
0.401889,1.46897,1.577526,0.361146,1
0.326812,-1.885254,0.014032,1.083703,1
0.004074,2.457427,-0.435398,0.518398,1
0.087628,2.081983,-0.791532,0.312128,0
0.290316,-0.781305,-0.24531,0.707249,0
0.164195,-0.150432,0.477725,0.814537,1
0.294378,-1.942088,0.856005,0.708167,1
-0.229352,3.206736,-1.076976,0.332316,1
-0.12588,-1.198855,-0.335315,0.984195,1
-0.711175,-0.426617,2.265029,1.5714,1
-1.046995,1.248064,-2.322538,1.360888,0
-1.196222,-0.258846,-1.284835,1.517132,1
-1.609817,0.203443,-1.897198,1.689064,1
-1.432118,-1.328422,0.559167,1.444752,1
-1.759599,1.55854,-2.060699,1.643311,0
-1.239804,-0.330826,-1.684714,1.654669,0
-0.892811,0.217392,-0.42672,0.813352,0
-1.20439,-0.553218,2.22214,1.143691,1
-1.246211,-1.450299,0.527006,1.069277,0
-1.38699,1.609107,2.622404,0.803614,0
-1.228634,-0.61405,-0.854197,1.133754,0
-1.241987,0.348326,0.505799,0.97073,1
-1.328825,-1.016626,-0.365148,1.248213,1
-1.44868,1.720092,-0.184594,0.590765,1
-1.602854,-0.802339,0.629402,1.183287,1
-1.84841,-0.963626,0.776368,1.248875,1
-1.808512,-0.035933,0.158533,0.824717,0
-1.858482,0.986596,-1.547965,0.689553,0
-1.776304,0.438692,1.75628,1.233392,0
-1.64596,-0.652722,-0.752411,1.078467,1
-1.704531,0.832122,0.447201,0.59019,0
-1.642375,0.034106,1.290192,0.442294,1
-1.612441,0.31529,-0.969252,0.663425,0
-1.472988,2.031373,-1.500037,0.826905,0
-1.226212,0.35167,-1.119921,0.754087,1
-1.049355,-1.759865,-1.62404,0.798472,1
-1.341084,2.041706,0.03347,0.271106,1
-1.303998,1.856598,-1.398043,0.099475,0
-1.07159,1.360069,1.391778,0.121591,0
-1.079005,-0.771975,0.09538,0.575182,1
-1.256034,1.770466,-0.293071,0.14236,0
-1.21505,-0.925446,-0.468783,0.599043,1
-1.358688,-0.661668,-1.943745,0.539775,1
-1.498274,0.015211,1.904353,0.430267,1
-1.629191,-0.252632,1.216111,0.290473,1
-1.911883,-0.889858,-0.507289,0.804627,1
-1.789593,-1.680582,-0.722377,0.167574,1
-1.766987,-1.703564,-0.452294,0.185801,0
-1.696882,-1.875358,2.144871,0.080811,1
-2.008623,-0.887463,0.344765,0.211282,1
-2.342457,-1.12502,0.601014,0.406157,1
-3.092147,-0.96837,-1.989861,1.163055,1
-2.924488,-0.916826,1.55214,0.19078,1
-2.91819,-1.443794,0.393471,0.129351,1
-3.517573,0.045178,0.035053,0.387819,1
-4.694621,-1.22257,0.215623,2.129118,1
-4.048632,-1.352497,-0.406168,1.837458,0
-4.05875,0.152348,-0.755743,1.235875,1
-3.970119,-1.65009,-2.467567,0.967589,0
-3.599443,1.882069,-0.171353,0.412353,0
-3.039584,-1.036466,0.68987,1.03821,0
-3.059857,0.299896,2.55674,1.016714,1
-3.685971,-0.708427,-1.343989,1.030752,1
-3.437841,-1.605004,0.981065,0.609357,0
-3.134997,-0.92361,1.944234,0.407026,0
-3.092733,-1.088291,3.107467,0.110164,1
-3.228555,-1.399689,-0.393878,0.064785,1
-3.819955,1.370792,1.427421,-0.018763,1
-4.149418,-0.951633,0.535132,0.595272,1
-4.203794,-1.002632,0.367306,1.11472,0
-3.682822,-0.508659,-0.215456,0.752765,0
-3.45788,-0.983088,1.58745,0.308228,1
-3.307616,-2.101328,-0.883515,0.279378,0
-3.145897,1.907666,-1.250864,0.115061,0
-2.932446,-0.198294,1.885464,0.573657,1
-2.612955,0.438965,1.199948,0.498535,0
-2.478525,1.881384,0.047532,0.479502,1
-2.894016,1.808094,-0.480254,0.442261,1
-2.925197,0.805079,-1.238619,0.103878,0
-2.807552,-0.878785,2.18,0.137731,1
-2.784595,-1.067746,-1.611618,-0.009837,0
-2.630745,-0.080448,0.236606,-0.18683,0
-2.650469,3.038242,0.622521,-0.350143,0
-2.216081,-0.553951,1.518096,0.041335,0
-2.191967,-1.478858,1.238312,-0.02415,1
-2.339406,0.966397,-0.620679,-0.366516,0
-2.094319,-1.504587,0.476865,0.13047,0
-2.054384,0.201876,-1.196705,-0.252233,1
-1.985657,-0.246248,1.401577,-0.267296,0
-2.061887,-0.649161,-1.37981,-0.155792,1
-2.414354,0.005261,-2.611851,-0.01818,1
-2.532232,-0.98596,-1.044181,0.051817,1
-2.675995,-0.751797,-0.086826,-0.008115,1
-2.722188,-1.34792,0.062985,-0.196122,1
-3.082246,1.802483,-0.929156,-0.446628,1
-3.430526,-0.253484,1.73268,0.289435,1
-3.585122,-0.206451,0.197917,0.252644,0
-3.500297,-1.362402,1.54909,0.191379,1
-3.704231,1.058479,0.03874,-0.312959,1
-3.717791,0.932994,-1.89582,-0.35459,0
-3.487627,1.79641,0.910114,-0.47687,0
-3.166885,-0.685647,1.654994,-0.401467,1
-3.107877,-1.060689,0.736067,-0.518665,0
-3.089243,-0.25058,-1.232058,-0.235606,0
-2.825631,1.529536,-0.106986,-0.045904,0
-2.779313,1.795338,-0.012312,0.232657,1
-2.856016,2.26618,-1.328836,-0.033365,1
-2.441361,-1.122748,-0.722948,-0.255934,0
-2.45517,-0.889718,-0.678306,-0.35652,1
-2.880272,0.035608,-2.361331,-0.221863,1
-2.911638,1.076632,0.441047,-0.5263,0
-2.597446,-1.213279,0.601732,0.217734,0
-2.683336,3.283593,-0.220424,-0.409976,0
-2.709256,2.558717,0.442364,-0.539136,1
-2.687059,3.05332,0.547706,-0.592939,0
-2.467859,0.685478,0.234885,-0.434598,0
-2.571608,-1.26393,-0.693756,0.183838,1
-2.662928,1.832017,-1.411843,-0.48001,0
-2.337476,-0.613857,0.312324,0.075561,0
-2.242812,1.908417,1.359507,-0.228982,0
-2.085358,0.731334,0.491432,-0.386124,1
-2.159307,1.566217,-0.879131,-0.655428,1
-1.963585,-2.233411,-0.648948,-0.251049,1
-2.616865,1.991459,0.120198,-0.291473,1
-2.696805,-1.008183,1.246033,0.143901,1
-2.682144,-1.568649,-0.274338,-0.007944,0
-2.822044,2.150253,0.834081,-0.665228,0
-2.664473,-1.443528,0.894417,0.20966,0
-2.616261,-1.095486,-1.190245,-0.141523,1
-2.655098,0.563582,0.162042,-0.523233,0
-2.592118,-0.865751,-0.358752,0.044419,0
-2.370057,-1.713501,-0.048253,-0.09461,0
-2.553554,1.492077,-0.008437,-0.397668,1
-2.679513,2.223523,0.859705,-0.547547,1
-2.650121,0.54858,-1.736133,-0.413556,0
-2.516436,0.057933,0.943758,-0.477501,1
-2.448939,0.000165,1.637342,-0.606715,0
-2.500259,-0.920379,-0.457595,-0.15843,0
-2.529253,0.025032,-0.091235,-0.257145,0
-2.543966,0.090781,-0.267866,-0.178437,0
-2.59607,0.345226,0.878835,0.113316,1
-2.604625,1.167901,-1.37405,-0.411981,0
-2.326206,-1.38461,-1.41066,-0.213313,0
-2.321964,0.846788,2.1754,-0.548945,1
-2.19908,-0.671789,1.263655,-0.153384,0
-2.168229,1.928566,-0.634739,0.624195,0
-1.599616,-0.097403,0.843882,0.638924,0
-1.595526,2.737081,-1.398866,0.212606,0
-1.415846,3.139253,2.099804,-0.19016,1
-1.191544,-0.542791,0.759576,0.056548,0
-1.27312,1.407217,-0.396602,-0.238365,0
-1.189393,-1.630352,-0.13311,0.473814,1
-1.465396,1.879831,0.360734,-0.141286,1
-1.220904,-0.348957,1.755192,-0.102213,1
-1.272756,-0.005065,0.143391,-0.048949,0
-1.366398,2.094161,-0.395845,-0.314379,0
-1.142796,-0.165843,0.054496,-0.13037,0
-1.02902,-0.181467,2.423325,-0.087733,0
-1.312187,0.100584,-0.285614,0.371189,1
-1.355438,-0.197684,-2.156417,0.197751,0
-1.481992,-0.227684,0.724991,0.461085,1
-1.48376,-0.953088,0.251004,0.364259,1
-1.490097,0.751067,2.881985,0.31512,0
-1.498429,2.374308,-0.400038,-0.236022,1
-1.249773,-1.189045,-0.380247,0.096842,0
-1.23348,-1.049369,1.809255,0.139731,1
-1.246643,-1.1895,-0.551853,0.249155,0
-1.392832,2.703908,0.17247,-0.104336,0
-1.112267,-0.530616,0.456193,0.112987,1
-1.277809,0.984846,-1.566052,0.090942,0
-1.183585,0.863376,-0.901734,-0.058502,1
-1.183422,-0.274627,0.95469,0.156534,1
-1.30647,0.099831,0.074249,0.161439,1
-1.19251,-0.961005,0.704783,0.35302,0
-1.242165,1.349416,-0.021817,0.635065,0
-0.829696,0.622172,2.164316,0.219832,0
-1.652301,0.108452,-0.991143,1.345836,1
-2.54324,-1.971536,-1.378045,2.830939,1
-2.363499,-1.1362,1.770237,1.520412,1
-2.349266,-1.275193,0.036434,1.446505,0
-2.271684,-1.018173,-0.192374,1.2149,1
-2.161289,-0.705411,1.465267,1.084664,0
-2.125062,-0.894127,-0.145926,1.065921,0
-2.246613,1.516468,-0.28044,0.567506,1
-2.152766,0.524716,-0.321965,0.388633,1
-2.257628,2.472626,-0.792947,0.194296,0
-2.444109,2.889447,0.158123,0.561214,1
-2.167419,-1.018567,1.277118,0.96662,0
-2.367479,2.598221,-0.446159,0.336147,1
-2.091934,-0.057043,1.197016,0.572666,0
-2.200469,3.417756,0.061108,0.418134,0
-1.625346,-1.363768,0.003185,0.357663,1
-1.815871,-1.081366,-0.215704,0.582386,1
-1.763976,-0.62171,0.12302,0.516711,0
-1.829142,1.142313,0.218199,0.325374,1
-1.616049,-1.125172,0.38433,0.326409,0
-1.633212,-0.503077,1.250317,0.39297,0
-1.845852,3.145275,1.025028,0.252478,0
-1.68443,2.422522,-0.85518,-0.079493,1
-1.765523,2.706931,0.130006,0.044126,1
-1.535002,-0.306106,0.390673,0.679573,0
-1.508061,0.684396,-0.450836,0.556649,0
-1.270373,-0.560485,1.433082,0.659516,0
-1.165807,0.063179,1.559059,0.804641,0
-1.409451,2.207426,-0.232481,1.723019,0
-0.822865,0.124863,2.32857,0.727301,1
-1.210929,1.99565,-1.337227,1.476857,0
-1.362598,0.678309,-1.098569,2.743853,1
-0.77182,0.238417,1.513792,0.777612,1
-1.140288,2.090393,-0.468404,0.82352,1
-1.0988,2.075288,-0.267642,0.341581,0
-1.145616,1.469196,-0.097031,0.442777,1
-1.168381,2.827097,-0.301505,0.081322,0
-1.063219,1.321919,-2.597871,0.48203,0
-0.731024,-1.436858,-0.958441,0.619234,0
-0.875503,2.955551,1.067296,-0.131887,0
-0.949531,0.322651,-1.283946,0.836695,0
-0.82123,-0.140625,1.673456,0.561045,1
-0.869211,-0.223039,0.822499,0.512538,1
-0.792307,-0.206436,2.406514,0.208221,1
-1.023413,2.664938,0.886249,-0.079405,1
-0.940139,-0.27047,-2.252142,0.559544,0
-0.75004,-0.185557,1.466701,0.53444,0
-0.671546,-0.299512,0.504618,0.421855,0
-0.708627,0.479275,2.856089,0.508129,1
-0.876012,2.322587,0.600801,0.16465,1
-0.658553,0.711836,2.594588,0.330354,0
-0.486677,-1.154727,2.80914,0.494077,1
-0.763678,0.546554,-1.769549,0.745655,0
-0.687553,1.453149,-0.900361,0.867064,0
-1.038089,0.875928,-0.13578,1.725202,1
-0.942321,0.413429,0.847892,1.192279,0
-0.871539,0.552571,0.363156,0.893161,1
-0.922566,2.210526,-0.863524,0.436497,0
-0.877323,-1.043735,1.02208,1.057972,1
-1.228296,0.324355,-2.311494,1.391328,0
-0.865699,-0.609165,1.759187,0.98484,0
-0.835562,-0.816474,-0.407189,0.952128,0
-0.823431,-0.834685,0.576819,1.043114,0
-0.981448,1.009108,-0.506079,0.8528,1
-0.937791,0.602381,-0.162009,0.751878,1
-0.850569,-2.036334,-0.539342,1.140201,1
-1.045592,1.634774,0.26596,0.759332,0
-1.032369,2.837265,-0.611793,0.528142,0
-0.618834,-0.689856,2.914476,0.578841,1
-0.651686,-0.01606,2.031706,0.780522,0
-0.94722,-0.425287,0.536464,1.503745,1
-0.788204,-1.342194,-0.814702,0.724985,1
-1.045826,1.245525,-1.420647,0.536935,1
-1.115709,-0.905128,-1.385992,1.074474,1
-1.46792,-0.004865,1.280927,1.351198,1
-1.727547,0.701267,-0.557421,1.536272,0
-1.44787,1.113518,-0.654867,0.824539,0
-1.46289,-0.801163,0.015666,1.458475,1
-1.402511,-1.796918,-1.133648,1.271613,0
-1.272617,-1.77119,1.674953,0.94523,1
-1.468052,0.118479,-0.874887,0.781073,0
-2.280653,-0.022476,-0.125071,2.722158,1
-2.306054,-0.34128,-1.024708,2.310813,0
-2.178637,2.043654,-0.347745,1.227026,0
-2.326645,1.598761,0.273548,1.702484,1
-2.093674,-1.048672,0.448873,1.628216,1
-2.118479,-0.666791,-0.113507,1.78858,0
-2.001078,1.516917,-1.451141,0.886496,0
-1.862942,0.820642,0.078315,0.71812,1
-1.669028,-1.135429,1.341934,0.768558,0
-1.697614,-0.293493,0.658651,1.023654,0
-1.849511,3.467674,0.636863,0.504542,1
-1.714339,4.221091,1.937792,-0.032564,0
-1.873688,3.165045,-1.288737,0.395056,1
-2.081748,0.795683,-1.029237,1.140728,1
-2.323722,-0.540889,0.79781,1.708967,1
-2.443493,1.323849,0.840659,1.120174,0
-2.577789,1.175805,-0.496518,1.297,1
-2.481697,2.537542,2.284293,0.821572,0
-2.399917,1.293011,-1.012939,0.730108,1
-2.51059,1.650878,-0.110901,1.113499,0
-2.424282,1.523117,2.299182,1.085628,0
-2.28767,0.497182,1.157639,1.161856,0
-2.481734,-1.364091,0.348439,1.817853,1
-2.76637,-0.758748,-1.036096,1.972262,1
-2.982034,3.159387,-0.912647,1.253792,1
-2.902144,0.563923,-2.14347,1.597076,1
-2.965883,-1.269493,-3.50841,1.85583,1
-3.092894,0.464143,-2.09814,1.95184,0
-2.939061,-1.421103,-0.857767,1.975785,1
-3.378536,-0.443328,-3.140723,2.396093,1
-3.546378,1.76644,0.662637,2.589291,0
-3.21504,-0.372934,1.701052,2.260504,1
-3.143643,-0.92605,-0.783787,2.470704,0
-3.100564,0.806467,0.803777,2.224762,1
-3.065703,0.580997,0.640066,2.512383,0
-3.091977,-1.047281,1.617601,2.74641,1
-3.042477,-0.422309,1.904091,2.66802,0
-2.854678,-1.264333,-0.318481,2.676176,0
-3.080179,3.793786,0.531021,1.740265,1
-2.812468,0.887326,-0.888731,1.60843,0
-2.838871,-1.975078,0.122398,2.351547,1
-3.112292,1.024453,-0.914544,2.416157,0
-3.049338,4.41155,-0.138067,1.890502,0
-2.867538,3.139483,1.266348,2.744804,0
-2.580499,3.193887,2.0201,2.316155,0
-2.310212,0.15091,1.989044,2.608141,0
-2.202633,1.619255,0.039378,1.691671,0
-2.121836,1.146759,-0.113696,1.732153,0
-2.351117,0.620657,1.220078,2.40084,1
-2.474418,1.328568,-0.540423,2.306822,0
-2.156358,0.908271,1.560224,1.628032,0
-2.407854,1.465285,2.623729,1.958632,1
-2.413545,-1.583655,0.010028,2.420113,1
-2.336427,0.987932,1.731494,1.700725,0
-2.04068,-1.437386,-2.04301,2.494265,0
-2.170433,2.948367,-0.49837,2.706902,0
-2.010847,3.376779,1.209199,2.179733,0
-1.592876,-0.522019,2.213583,2.281577,1
-1.159468,2.904392,1.069342,3.608209,0
-0.96099,-0.446077,-0.150572,6.040892,1
-0.072247,0.568439,0.88451,2.442976,0
-0.048635,0.113664,0.064193,2.295967,1
-0.143276,1.151236,2.201094,3.235834,0